chr,bin,sign_snps
6,7573,29
6,7576,36
6,7604,57
6,7609,48
5,2128,31
2,10736,47
3,16888,33
4,19710,47
9,12479,45
1,15908,120
1,15913,51
3,18736,117
3,18741,45
9,9225,59
9,9230,39
9,9275,99
2,10736,34
8,11943,29
8,11944,32
8,11957,41
8,11960,34
4,20790,76
4,20791,43
5,14754,45
5,14756,30
6,1867,52
6,1868,33
10,8925,32
5,8706,44
5,14145,35
3,16872,86
1,1278,31
2,10645,29
2,10646,34
2,10648,35
5,8327,44
5,8333,32
5,8345,30
5,8346,38
7,17618,31
9,13691,31
9,10355,55
9,10356,31
2,2731,50
10,9811,29
8,14527,33
2,2731,66
1,5,12
1,18,9
1,29,60