Id,Name,Chrom,Position,A1,A2,A1Frq,A1Effect,SE,PIP,LastSampleEff
246829,3-140844192,3,141592796,A,T,0.01497,8e-06,0.000456,0.002,0
76328,1-213178069,1,216212044,T,G,0.008065,6e-06,0.000326,0.002,0
291725,4-31276645,4,32831618,A,G,0.007732,5e-06,0.000297,0.002,0
305598,4-65530698,4,67953324,A,G,0.002924,5e-06,0.000402,0.002,0
681326,9-120412306,9,121906223,T,C,0.005376,5e-06,0.000382,0.002,0
687135,9-136957950,9,139306684,A,G,0.002874,5e-06,0.000508,0.002,0
54890,1-150201928,1,152119232,A,T,0.002793,4e-06,0.000336,0.002,0
57871,1-161143073,1,162586896,A,G,0.003106,4e-06,0.000428,0.002,0
180982,2-204883306,2,210765693,T,C,0.01105,4e-06,0.000346,0.002,0
239494,3-117156139,3,117444592,T,G,0.002717,4e-06,0.000401,0.002,0
390609,5-49107969,5,50630906,T,G,0.002564,4e-06,0.000294,0.002,0
391219,5-50587474,5,52139786,T,C,0.002976,4e-06,0.000402,0.001,0
417215,5-121952376,5,125051544,T,G,0.005263,4e-06,0.000331,0.002,0
529496,7-38088486,7,39388550,T,C,0.002732,4e-06,4e-04,0.002,0
554642,7-107467758,7,110749388,T,C,0.009494,4e-06,0.000436,0.002,0
559758,7-120703495,7,124441870,A,T,0.005495,4e-06,0.000213,0.002,0
600728,8-55512803,8,56667573,T,C,0.002513,4e-06,0.000366,0.001,0
685980,9-133676366,9,135818271,T,C,0.002809,4e-06,0.000413,0.002,0
25645,1-70829369,1,72081638,G,A,0.002703,3e-06,0.000396,0.002,0
51240,1-137879679,1,140079388,A,C,0.003125,3e-06,0.000263,0.002,0
125969,2-45711834,2,46983901,A,C,0.00303,3e-06,0.00031,0.001,0
137205,2-78735116,2,80158194,A,C,0.003521,3e-06,0.000265,0.001,0
142888,2-96986648,2,99133275,T,A,0.008152,3e-06,0.000258,0.002,0
177830,2-196552886,2,202170946,A,G,0.007895,3e-06,0.00021,0.002,0
178701,2-198759751,2,204602381,G,A,0.005495,3e-06,0.000269,0.002,0
195612,3-3849460,3,3106273,A,C,0.00365,3e-06,0.000266,0.002,0
206957,3-34858117,3,34562467,A,G,0.002674,3e-06,0.000413,0.002,0
234942,3-95213295,3,103948479,C,A,0.005618,3e-06,0.000273,0.002,0
252818,3-158467412,3,160000880,T,C,0.005525,3e-06,0.000312,0.002,0
257928,3-173725675,3,176146051,T,C,0.005814,3e-06,0.000306,0.002,0
260659,3-180584009,3,183413942,T,G,0.00578,3e-06,0.000302,0.002,0
269131,3-204793495,3,208018980,T,G,0.013298,3e-06,0.000233,0.002,0
300515,4-53274337,4,55481999,C,T,0.003378,3e-06,0.000332,0.001,0
306747,4-69217222,4,71888846,T,C,0.015707,3e-06,0.000191,0.002,0
410358,5-104029419,5,106605024,T,C,0.011765,3e-06,0.000238,0.002,0
418304,5-124033830,5,127183581,T,C,0.002924,3e-06,0.000246,0.002,0
432025,5-162725331,5,166571025,G,A,0.005051,3e-06,0.000292,0.002,0
443479,5-192557126,5,197886360,T,C,0.002564,3e-06,0.000292,0.002,0
462464,6-29522427,6,30956383,T,C,0.008152,3e-06,0.000297,0.002,0
463365,6-31602433,6,33096547,G,C,0.005155,3e-06,0.000202,0.002,0
483196,6-83982500,6,86943654,T,G,0.005348,3e-06,0.00023,0.001,0
484139,6-86762781,6,89353840,G,A,0.019231,3e-06,0.000227,0.002,0
489627,6-99360921,6,102093187,A,G,0.002551,3e-06,0.000297,0.001,0
492123,6-110708616,6,110700072,A,G,0.008197,3e-06,0.000215,0.002,0
525086,7-23823607,7,24864337,A,G,0.014286,3e-06,0.000263,0.002,0
538196,7-65045956,7,67418952,T,C,0.005128,3e-06,0.000221,0.002,0
547138,7-86215359,7,89018401,T,A,0.007812,3e-06,0.000239,0.002,0
547327,7-86811984,7,89628215,T,C,0.007772,3e-06,0.000218,0.002,0
547518,7-87419389,7,90267187,T,A,0.002825,3e-06,0.000253,0.002,0
554025,7-105926120,7,109144372,T,C,0.005348,3e-06,0.000205,0.002,0
558450,7-117765875,7,121420707,A,T,0.020942,3e-06,0.000193,0.002,0
564912,7-133341116,7,137420949,G,A,0.013021,3e-06,0.00028,0.001,0
575613,7-162364231,7,167829251,T,A,0.005618,3e-06,0.000276,0.002,0
580370,7-175728775,7,181227371,A,C,0.010811,3e-06,0.000236,0.002,0
586448,8-13347912,8,13695636,T,C,0.005051,3e-06,0.00026,0.001,0
610236,8-83596987,8,85796489,A,G,0.003704,3e-06,0.000279,0.002,0
615890,8-98966210,8,101434206,A,G,0.002825,3e-06,3e-04,0.002,0
633444,8-148423323,8,153282963,C,A,0.002538,3e-06,0.000368,0.002,0
637361,8-160398798,8,165822961,T,G,0.010989,3e-06,0.000199,0.002,0
637741,8-161488500,8,166940567,A,T,0.002525,3e-06,4e-04,0.002,0
637892,8-161744688,8,167210900,A,G,0.005747,3e-06,0.000189,0.002,0
649704,9-16182625,9,15920638,A,G,0.005556,3e-06,0.000192,0.002,0
653013,9-24156538,9,24091941,A,C,0.013228,3e-06,0.000267,0.001,0
658489,9-42965951,9,43600266,A,G,0.002551,3e-06,0.000275,0.002,0
671592,9-90017977,9,92375974,T,C,0.002874,3e-06,3e-04,0.001,0
697932,10-7316473,10,7110524,A,T,0.017045,3e-06,0.000148,0.002,0
703895,10-20974989,10,21479485,A,G,0.002538,3e-06,0.000248,0.002,0
896,1-1899019,1,1965129,C,T,0.007895,2e-06,0.000139,0.002,0
5685,1-15141165,1,15373660,T,G,0.017045,2e-06,0.000155,0.002,0
6842,1-18102040,1,18396006,A,C,0.023952,2e-06,0.000163,0.002,0
8028,1-20872128,1,21244903,C,A,0.005376,2e-06,0.000246,0.002,0
10850,1-28612104,1,28804821,A,T,0.002762,2e-06,0.000309,0.002,0
11402,1-30540359,1,30797606,T,G,0.007772,2e-06,0.000224,0.002,0
12252,1-32990338,1,33296634,A,G,0.002604,2e-06,0.000154,0.001,0
14154,1-38522259,1,38890493,C,T,0.007979,2e-06,9.8e-05,0.002,0
15309,1-41858633,1,42126740,A,C,0.005556,2e-06,0.000147,0.002,0
17783,1-49087662,1,49496799,A,C,0.012953,2e-06,0.000116,0.002,0
25572,1-70676459,1,71925008,T,C,0.005102,2e-06,0.000174,0.002,0
26315,1-72149478,1,73482217,C,T,0.005988,2e-06,0.000136,0.001,0
31743,1-86556679,1,88403323,A,G,0.008621,2e-06,0.000203,0.002,0
34937,1-93966956,1,96134086,T,C,0.010753,2e-06,0.000117,0.002,0
35529,1-95414934,1,97631079,A,T,0.007812,2e-06,0.000236,0.002,0
43598,1-120192260,1,121909379,A,C,0.006897,2e-06,0.000258,0.002,0
43618,1-120161671,1,121971677,T,A,0.002994,2e-06,0.000193,0.002,0
51113,1-137679145,1,139896632,C,G,0.005714,2e-06,0.000125,0.002,0
51208,1-137801408,1,140018622,T,C,0.005181,2e-06,0.000223,0.002,0
69776,1-195429647,1,197756421,T,C,0.007812,2e-06,0.000129,0.002,0
72360,1-202219858,1,204694160,T,C,0.003311,2e-06,0.000259,0.002,0
76896,1-214835577,1,217943488,A,G,0.008287,2e-06,0.000151,0.002,0
80596,1-225073666,1,228735777,A,G,0.004032,2e-06,0.000146,0.002,0
85077,1-236857620,1,240253418,A,C,0.009615,2e-06,0.000221,0.002,0
87085,1-241708936,1,245294704,A,G,0.007576,2e-06,0.000129,0.001,0
92241,1-255420323,1,259865570,T,C,0.0075,2e-06,0.000171,0.002,0
94487,1-260872188,1,265410915,T,C,0.002959,2e-06,0.000128,0.002,0
94563,1-260948090,1,265711621,T,C,0.013158,2e-06,0.000116,0.002,0
95161,1-262413217,1,267166990,A,G,0.006711,2e-06,0.000176,0.002,0
95851,1-264860878,1,269611678,T,C,0.010309,2e-06,0.00016,0.002,0
98588,1-273679579,1,278472179,T,C,0.01005,2e-06,0.000129,0.002,0
101213,1-281705684,1,286732139,T,A,0.01087,2e-06,0.000124,0.002,0
103783,1-289292551,1,294617859,A,G,0.002632,2e-06,0.000334,0.002,0
104032,1-289918929,1,295310730,A,T,0.011111,2e-06,0.000169,0.002,0
108763,1-301352538,1,306910564,T,G,0.011111,2e-06,0.000113,0.002,0
112609,2-10218671,2,10332243,G,A,0.005291,2e-06,0.000205,0.001,0
113923,2-13467844,2,13764916,C,A,0.005,2e-06,0.000217,0.002,0
115276,2-16999839,2,17467493,T,C,0.002778,2e-06,0.000198,0.002,0
122664,2-36252204,2,37107151,T,C,0.017413,2e-06,0.000152,0.002,0
123467,2-38357170,2,39254123,A,G,0.007895,2e-06,0.000191,0.002,0
125829,2-45321097,2,46548002,T,C,0.002732,2e-06,0.000242,0.002,0
129634,2-56535186,2,57968424,A,G,0.002591,2e-06,0.000201,0.002,0
130131,2-57949753,2,59404042,C,T,0.005181,2e-06,0.000183,0.002,0
136960,2-78133552,2,79486623,T,C,0.005236,2e-06,0.00014,0.002,0
138937,2-84471697,2,86092238,A,G,0.003205,2e-06,0.000184,0.002,0
141245,2-91447537,2,93407594,T,G,0.00565,2e-06,0.000143,0.001,0
141902,2-93362999,2,95344129,T,A,0.007752,2e-06,0.00012,0.002,0
146200,2-109273524,2,111735126,T,G,0.004065,2e-06,0.000172,0.002,0
147381,2-113932381,2,116594801,A,G,0.005618,2e-06,0.000246,0.002,0
151648,2-125838693,2,129318229,C,A,0.003425,2e-06,0.000189,0.002,0
152697,2-129204575,2,132753634,C,T,0.012626,2e-06,0.000138,0.002,0
176672,2-193627329,2,198862311,G,T,0.008876,2e-06,0.000201,0.002,0
178009,2-196987632,2,202623931,A,C,0.002841,2e-06,0.000165,0.002,0
179233,2-200307087,2,206160576,G,A,0.002564,2e-06,0.000165,0.002,0
181775,2-207199432,2,213390477,T,A,0.002857,2e-06,0.00027,0.002,0
184929,2-215618386,2,221784302,T,G,0.007895,2e-06,0.000155,0.002,0
185996,2-218494176,2,224619086,A,C,0.008287,2e-06,0.000147,0.002,0
186537,2-219680814,2,225764998,T,C,0.002857,2e-06,0.000161,0.002,0
187459,2-222033101,2,228319391,A,C,0.008772,2e-06,0.000121,0.002,0
190344,2-229031704,2,235421873,T,C,0.002538,2e-06,0.000317,0.001,0
194208,2-236628044,2,243863265,A,G,0.015873,2e-06,0.000181,0.002,0
195243,3-2882666,3,2119886,T,C,0.008197,2e-06,0.000137,0.002,0
196373,3-5794812,3,4958477,G,C,0.008824,2e-06,0.000139,0.002,0
206120,3-32153022,3,31747761,T,C,0.003012,2e-06,0.000181,0.002,0
207826,3-37680181,3,37416251,T,C,0.005587,2e-06,0.000176,0.002,0
208883,3-41108691,3,40719726,T,C,0.010471,2e-06,0.000199,0.002,0
209736,3-44353623,3,43841019,T,C,0.007979,2e-06,0.000108,0.002,0
211940,3-50712504,3,50525412,A,G,0.005051,2e-06,0.000134,0.002,0
212381,3-52090794,3,51964649,A,G,0.018229,2e-06,8.1e-05,0.002,0
215662,3-62140349,3,62187799,T,G,0.00565,2e-06,0.000139,0.002,0
215909,3-62710881,3,62755902,A,G,0.007653,2e-06,0.000125,0.002,0
216164,3-63256041,3,63303975,C,T,0.005882,2e-06,0.000148,0.002,0
222899,3-77739936,3,77979761,A,C,0.00578,2e-06,0.000148,0.002,0
223142,3-78171921,3,78407347,C,A,0.013441,2e-06,0.000185,0.002,0
227139,3-102705726,3,88588047,T,C,0.005682,2e-06,0.000152,0.002,0
236529,3-90176029,3,109024498,C,A,0.009554,2e-06,0.000198,0.002,0
241804,3-124004241,3,124337778,A,C,0.002717,2e-06,0.000147,0.002,0
244655,3-133863737,3,134496631,T,G,0.005464,2e-06,0.000153,0.002,0
245655,3-137375293,3,138026190,G,T,0.005435,2e-06,0.000158,0.002,0
252842,3-158619933,3,160174211,A,C,0.013298,2e-06,0.000191,0.002,0
257971,3-173823235,3,176246559,A,G,0.005181,2e-06,0.000151,0.002,0
258295,3-174573663,3,177011107,A,C,0.005181,2e-06,0.000108,0.002,0
261949,3-183901821,3,186798252,A,T,0.007732,2e-06,0.000142,0.002,0
270872,3-209931533,3,213461795,A,G,0.008333,2e-06,0.000158,0.002,0
272445,3-69351666,3,217928584,A,G,0.007812,2e-06,0.000228,0.002,0
280125,4-3395915,4,4097736,T,G,0.010256,2e-06,0.000152,0.002,0
280500,4-4041427,4,4769275,A,T,0.005682,2e-06,0.00015,0.002,0
283012,4-10042801,4,10899883,T,G,0.002646,2e-06,0.000226,0.002,0
290672,4-28356557,4,29855080,T,C,0.010309,2e-06,0.000122,0.002,0
292539,4-33432366,4,34985974,T,C,0.010363,2e-06,1e-04,0.002,0
295543,4-41123708,4,42838446,A,G,0.007895,2e-06,0.000131,0.002,0
297548,4-45648188,4,47623055,T,G,0.008772,2e-06,0.000137,0.002,0
299539,4-50617921,4,52753282,G,A,0.008152,2e-06,0.000204,0.002,0
300537,4-53352885,4,55562357,T,C,0.003311,2e-06,0.000229,0.002,0
302292,4-58032955,4,60460045,A,G,0.010363,2e-06,0.000159,0.002,0
308171,4-73468405,4,76174905,C,T,0.007772,2e-06,0.000153,0.002,0
309528,4-77553757,4,80335114,T,G,0.009202,2e-06,0.000188,0.002,0
312645,4-85513644,4,88831579,T,C,0.007812,2e-06,0.000212,0.001,0
313574,4-87786301,4,91160809,T,G,0.019444,2e-06,0.000134,0.002,0
317070,4-101462062,4,99010502,A,C,0.014286,2e-06,0.000156,0.002,0
318278,4-103475232,4,101071428,A,G,0.007576,2e-06,0.000154,0.002,0
319744,4-41337078,4,104218823,T,C,0.006494,2e-06,0.000158,0.002,0
323688,4-109210805,4,112627000,T,A,0.007937,2e-06,0.000266,0.002,0
323944,4-109929784,4,113406341,A,T,0.003497,2e-06,0.000202,0.002,0
324260,4-110657348,4,114156954,A,G,0.005076,2e-06,0.000221,0.002,0
325906,4-115643304,4,119291461,A,C,0.008523,2e-06,0.00019,0.002,0
329799,4-125944748,4,128903624,T,C,0.003268,2e-06,0.000198,0.002,0
331800,4-131455288,4,134468235,A,C,0.013966,2e-06,0.000139,0.002,0
335140,4-141869086,4,145065689,A,T,0.00641,2e-06,0.00021,0.002,0
335773,4-143482055,4,146783913,G,A,0.007576,2e-06,0.000176,0.002,0
341479,4-156984317,4,160462071,A,T,0.005618,2e-06,0.000233,0.002,0
342851,4-160676827,4,163673641,G,A,0.008197,2e-06,0.000145,0.002,0
354460,4-189590725,4,193592979,A,G,0.011494,2e-06,0.000137,0.002,0
355337,4-191951832,4,196031506,A,G,0.008427,2e-06,0.000128,0.002,0
356160,4-194065806,4,198182099,T,C,0.013021,2e-06,0.000137,0.002,0
360057,4-205367819,4,209720314,G,A,0.008571,2e-06,0.000126,0.002,0
362426,4-213034082,4,216506848,A,T,0.005405,2e-06,0.000286,0.001,0
366243,4-223500786,4,227322748,A,C,0.006329,2e-06,0.000192,0.002,0
366710,4-224913606,4,228713787,A,C,0.005525,2e-06,0.000113,0.002,0
370156,4-234139946,4,238780458,C,A,0.008333,2e-06,0.000126,0.002,0
380158,5-17220366,5,18357239,T,C,0.002907,2e-06,0.000241,0.002,0
383379,5-28255949,5,28932828,A,G,0.01105,2e-06,8.6e-05,0.002,0
383636,5-28985562,5,29810258,C,T,0.010256,2e-06,0.000132,0.002,0
388002,5-42988292,5,44235757,A,G,0.008021,2e-06,0.000211,0.002,0
388028,5-43076727,5,44323782,A,C,0.005405,2e-06,0.000169,0.001,0
388230,5-43487192,5,44782176,A,G,0.010811,2e-06,0.000197,0.002,0
394778,5-61260424,5,63037591,T,G,0.015625,2e-06,0.000118,0.002,0
399069,5-72298163,5,74402064,G,A,0.006711,2e-06,0.000191,0.002,0
401907,5-80106412,5,82274915,T,C,0.008264,2e-06,0.000275,0.002,0
405632,5-90620057,5,92915999,A,T,0.007895,2e-06,0.000148,0.002,0
409057,5-99866982,5,102359507,T,G,0.007937,2e-06,0.000168,0.002,0
411233,5-107117871,5,109728121,C,G,0.002551,2e-06,0.000166,0.001,0
411443,5-107760105,5,110382564,T,C,0.010471,2e-06,0.000131,0.002,0
414968,5-117730657,5,120520628,C,A,0.010363,2e-06,0.000126,0.002,0
426323,5-147016233,5,150425768,A,G,0.005102,2e-06,0.000154,0.002,0
427633,5-150758671,5,154304053,A,G,0.002674,2e-06,0.00019,0.002,0
430815,5-159395443,5,163126413,T,C,0.003165,2e-06,0.00032,0.002,0
431909,5-162432740,5,166253013,A,C,0.005525,2e-06,0.000165,0.002,0
435240,5-171520028,5,175568868,A,G,0.002632,2e-06,0.000164,0.002,0
438509,5-179689670,5,184051004,C,T,0.008929,2e-06,0.000161,0.002,0
440286,5-184252958,5,188851252,A,G,0.014085,2e-06,0.000148,0.002,0
440762,5-185385835,5,189977836,A,G,0.002674,2e-06,0.000212,0.001,0
442543,5-190115370,5,195201747,A,C,0.006494,2e-06,0.000193,0.002,0
452060,5-217165547,5,223062048,A,T,0.008621,2e-06,0.000169,0.002,0
458296,6-22011461,6,20361232,A,G,0.011173,2e-06,0.000147,0.002,0
465701,6-38018658,6,39779320,T,G,0.006757,2e-06,0.000199,0.002,0
471633,6-50923574,6,53332630,A,G,0.0075,2e-06,0.000181,0.002,0
474357,6-57841255,6,60417624,G,C,0.003012,2e-06,0.000171,0.001,0
483629,6-85373968,6,87959174,T,A,0.005618,2e-06,0.00014,0.002,0
488021,6-95931502,6,98588023,T,G,0.008242,2e-06,0.00019,0.002,0
488256,6-96307882,6,98986202,A,T,0.003356,2e-06,0.000223,0.002,0
490678,6-103295306,6,106369703,G,T,0.005348,2e-06,0.000259,0.002,0
497390,6-121401040,6,125131948,T,A,0.007979,2e-06,0.000138,0.002,0
504398,6-140361508,6,144236909,T,C,0.00995,2e-06,0.000119,0.002,0
505422,6-143639943,6,147525361,A,C,0.017766,2e-06,0.000126,0.002,0
506932,6-147977917,6,151765598,T,C,0.003049,2e-06,0.000142,0.002,0
507214,6-148742049,6,152577598,A,G,0.007576,2e-06,0.00018,0.002,0
507716,6-150086855,6,154003111,T,C,0.002551,2e-06,0.000194,0.001,0
513355,6-165525144,6,169473004,G,A,0.010363,2e-06,9.8e-05,0.002,0
521941,7-14826294,7,15316153,A,G,0.018519,2e-06,0.000134,0.002,0
527688,7-32271793,7,33487032,T,G,0.002924,2e-06,0.000203,0.002,0
529544,7-38163660,7,39469540,T,C,0.002591,2e-06,0.00024,0.002,0
529859,7-38916664,7,40273937,G,C,0.008197,2e-06,0.000141,0.002,0
533776,7-50706451,7,52419084,A,G,0.00813,2e-06,0.000121,0.002,0
535992,7-59571631,7,59603065,T,A,0.007772,2e-06,0.000137,0.002,0
540361,7-70216693,7,72412113,T,C,0.007692,2e-06,0.000177,0.002,0
544144,7-77643610,7,80260450,A,C,0.002732,2e-06,0.000219,0.001,0
546344,7-83664563,7,86600385,T,A,0.005682,2e-06,0.000149,0.002,0
546956,7-85851782,7,88653814,T,G,0.008824,2e-06,0.000134,0.002,0
551070,7-97320296,7,100315943,T,A,0.003401,2e-06,0.000184,0.001,0
565302,7-134492269,7,138583902,A,T,0.007576,2e-06,0.000119,0.002,0
565612,7-135262502,7,139387796,A,G,0.002591,2e-06,0.00018,0.002,0
565722,7-135511540,7,139632431,T,C,0.003106,2e-06,0.000192,0.002,0
571113,7-150032235,7,155234172,T,G,0.011429,2e-06,0.000144,0.002,0
571632,7-151211524,7,156419759,T,C,0.012821,2e-06,0.000105,0.002,0
572230,7-152939863,7,158255487,A,G,0.010152,2e-06,0.000133,0.002,0
573854,7-157621437,7,162982561,A,C,0.005525,2e-06,0.000146,0.002,0
574577,7-159557318,7,164935539,A,G,0.017751,2e-06,0.00013,0.002,0
575165,7-161119739,7,166567926,A,G,0.011429,2e-06,0.000243,0.002,0
587635,8-16459936,8,16999706,G,A,0.007752,2e-06,0.000146,0.002,0
588971,8-19480495,8,20158272,T,C,0.007576,2e-06,0.000232,0.002,0
589472,8-20413447,8,21125147,A,G,0.008571,2e-06,0.00015,0.002,0
591494,8-25281497,8,26074164,T,C,0.002825,2e-06,0.000117,0.002,0
593544,8-31658455,8,32550022,A,G,0.009434,2e-06,0.000112,0.002,0
594950,8-55519897,8,38826197,A,G,0.003759,2e-06,0.000197,0.002,0
595799,8-40751372,8,41943415,T,C,0.007653,2e-06,0.000174,0.002,0
595807,8-40803721,8,41995763,A,G,0.009259,2e-06,0.000141,0.002,0
597560,8-46119518,8,47389269,T,C,0.008287,2e-06,0.000103,0.002,0
599078,8-50816771,8,51942904,A,G,0.005747,2e-06,0.000151,0.002,0
599221,8-51291292,8,52391282,A,T,0.012658,2e-06,0.000148,0.002,0
599265,8-51413381,8,52514853,G,T,0.010417,2e-06,0.000156,0.002,0
599370,8-51719906,8,52874670,A,G,0.004975,2e-06,0.000181,0.002,0
599873,8-53072464,8,54227796,T,A,0.002513,2e-06,0.000203,0.002,0
599974,8-53399557,8,54560385,T,G,0.007895,2e-06,0.000262,0.002,0
600507,8-54870693,8,56027542,T,C,0.004032,2e-06,0.000216,0.002,0
601665,8-58347045,8,59613181,T,C,0.008065,2e-06,0.000208,0.001,0
601835,8-58857612,8,60103706,A,T,0.015544,2e-06,0.000162,0.002,0
601996,8-59252983,8,60500231,A,G,0.002994,2e-06,0.000196,0.002,0
609751,8-82359792,8,84456149,T,C,0.002994,2e-06,0.000151,0.002,0
614030,8-94712079,8,96982681,A,G,0.006494,2e-06,0.000128,0.002,0
618993,8-107353364,8,110284919,A,T,0.011834,2e-06,0.000135,0.002,0
625366,8-124337432,8,128205069,T,C,0.005495,2e-06,0.000251,0.002,0
626427,8-126699255,8,130951065,T,C,0.003378,2e-06,0.000249,0.002,0
630745,8-140356760,8,145026525,T,G,0.002762,2e-06,0.00013,0.002,0
631505,8-142690208,8,147389246,A,T,0.002646,2e-06,0.000197,0.002,0
631588,8-142899616,8,147619022,T,C,0.00565,2e-06,0.000151,0.002,0
631593,8-142944136,8,147630703,T,C,0.003876,2e-06,0.000153,0.002,0
632786,8-146362403,8,151220672,A,G,0.005102,2e-06,0.000136,0.002,0
633347,8-148005723,8,152909419,T,C,0.008876,2e-06,0.000123,0.002,0
634106,8-150509991,8,155565473,T,G,0.010582,2e-06,0.000136,0.002,0
635962,8-156249236,8,161534479,A,T,0.011494,2e-06,0.000159,0.002,0
637571,8-160931185,8,166360513,A,G,0.005682,2e-06,0.000158,0.002,0
641697,8-173192524,8,178865811,A,G,0.002941,2e-06,0.00029,0.002,0
656897,9-36564692,9,37028789,A,C,0.008721,2e-06,9.7e-05,0.002,0
659245,9-45960661,9,46850394,A,G,0.005618,2e-06,0.000235,0.002,0
660123,9-49274120,9,50242261,A,G,0.005319,2e-06,0.000194,0.002,0
664754,9-63593340,9,68203592,T,C,0.003937,2e-06,0.000177,0.002,0
665705,9-59088333,9,72128624,T,C,0.005587,2e-06,0.000148,0.002,0
666406,9-74184015,9,74803099,T,C,0.002907,2e-06,0.000225,0.002,0
666432,9-74111507,9,74901766,A,G,0.01087,2e-06,0.00014,0.002,0
668132,9-79716843,9,81816134,A,G,0.018421,2e-06,0.000103,0.002,0
678407,9-110457797,9,113360690,A,G,0.006061,2e-06,0.000197,0.002,0
681053,9-119470495,9,121033073,A,G,0.007937,2e-06,0.00014,0.002,0
682741,9-124401574,9,126186266,T,C,0.011561,2e-06,0.000227,0.002,0
684193,9-128662738,9,130638118,A,T,0.010695,2e-06,0.000134,0.002,0
684432,9-129522814,9,131477551,C,G,0.015957,2e-06,0.000129,0.002,0
687600,9-138568580,9,140912174,A,T,0.008242,2e-06,0.000139,0.002,0
688751,9-142039423,9,144460351,A,G,0.005495,2e-06,0.000157,0.002,0
688856,9-142352279,9,144704445,A,G,0.00289,2e-06,0.000194,0.002,0
697551,10-6456543,10,6203763,T,C,0.013441,2e-06,0.000122,0.002,0
710105,10-35511718,10,36443544,T,A,0.007979,2e-06,0.000135,0.002,0
712707,10-42904405,10,44128117,T,C,0.010363,2e-06,0.000131,0.002,0
714394,10-48177945,10,49487273,G,A,0.008108,2e-06,0.000143,0.001,0
714566,10-48667461,10,49984676,C,A,0.005495,2e-06,0.000161,0.002,0
715216,10-50556717,10,51866834,T,G,0.007692,2e-06,0.000148,0.001,0
716265,10-53854910,10,54656896,A,G,0.00641,2e-06,0.000142,0.001,0
730918,10-98029667,10,98402057,A,G,0.002825,2e-06,0.000178,0.002,0
733809,10-104929028,10,105508113,T,A,0.008021,2e-06,0.000188,0.002,0
734620,10-106919469,10,107599055,T,C,0.010471,2e-06,0.000104,0.002,0
736390,10-111801630,10,112665874,T,A,0.008197,2e-06,0.000208,0.002,0
737428,10-114706085,10,115699017,A,G,0.013441,2e-06,0.000139,0.002,0
737773,10-115680696,10,116691550,T,G,0.004,2e-06,0.000204,0.002,0
25,1-44574,1,90641,C,T,0.007576,1e-06,8.6e-05,0.002,0
52,1-73087,1,119105,T,G,0.195055,1e-06,3e-05,0.002,0
82,1-145019,1,198518,A,G,0.018617,1e-06,5.4e-05,0.002,0
85,1-149356,1,202855,T,A,0.015789,1e-06,5.1e-05,0.002,0
90,1-154655,1,208154,T,C,0.007653,1e-06,6e-05,0.002,0
108,1-225670,1,265931,G,A,0.008721,1e-06,6.5e-05,0.002,0
317,1-698614,1,735100,A,G,0.017588,1e-06,5.9e-05,0.002,0
325,1-710161,1,746647,T,C,0.012626,1e-06,8e-05,0.002,0
354,1-776966,1,808986,A,G,0.015544,1e-06,1e-04,0.002,0
421,1-881328,1,913345,A,G,0.005,1e-06,0.000147,0.002,0
435,1-936067,1,968501,A,T,0.011494,1e-06,7.3e-05,0.002,0
440,1-945656,1,978088,T,G,0.008523,1e-06,5.6e-05,0.002,0
447,1-954774,1,987206,A,G,0.013441,1e-06,6.9e-05,0.002,0
516,1-1101847,1,1124769,A,C,0.012953,1e-06,6.7e-05,0.001,0
521,1-1105389,1,1128304,A,G,0.010152,1e-06,5.5e-05,0.002,0
567,1-1154789,1,1206857,G,A,0.011236,1e-06,7.6e-05,0.002,0
569,1-1157856,1,1209924,T,C,0.013298,1e-06,6.4e-05,0.002,0
607,1-1276425,1,1311312,A,G,0.02551,1e-06,9.3e-05,0.002,0
726,1-1477109,1,1520768,A,G,0.017964,1e-06,6.4e-05,0.002,0
742,1-1508756,1,1552572,T,G,0.005319,1e-06,0.000127,0.001,0
814,1-1665556,1,1718462,A,G,0.015957,1e-06,8e-05,0.002,0
999,1-2160642,1,2235381,T,C,0.005076,1e-06,0.000105,0.002,0
1031,1-2232982,1,2312052,G,C,0.016304,1e-06,6.1e-05,0.002,0
1037,1-2282143,1,2363889,C,A,0.013298,1e-06,6.1e-05,0.002,0
1042,1-2310780,1,2392686,A,G,0.036232,1e-06,6.1e-05,0.002,0
1277,1-3073722,1,3175423,A,G,0.012887,1e-06,0.000112,0.002,0
1389,1-3428497,1,3528746,A,G,0.343915,1e-06,2.4e-05,0.002,0
1460,1-3511568,1,3614510,T,C,0.00641,1e-06,5.8e-05,0.002,0
1507,1-3553189,1,3656120,A,G,0.007937,1e-06,5.7e-05,0.002,0
1561,1-3687514,1,3790891,A,T,0.010274,1e-06,0.000125,0.002,0
1629,1-3897031,1,3985198,T,C,0.007752,1e-06,6.5e-05,0.002,0
1658,1-4012262,1,4110407,A,G,0.012626,1e-06,5.2e-05,0.002,0
1710,1-4150999,1,4258702,G,A,0.005128,1e-06,0.000123,0.002,0
1734,1-4214607,1,4328240,A,G,0.033537,1e-06,4.6e-05,0.002,0
1751,1-4406076,1,4445532,T,C,0.013812,1e-06,9.2e-05,0.002,0
1765,1-4386734,1,4472562,T,G,0.028646,1e-06,4.9e-05,0.002,0
1822,1-4538877,1,4658893,T,A,0.074176,1e-06,3.2e-05,0.002,0
1826,1-4540659,1,4660675,A,G,0.043814,1e-06,3.5e-05,0.002,0
1944,1-4892041,1,5013273,A,G,0.021505,1e-06,5.1e-05,0.002,0
2000,1-5008121,1,5128231,A,G,0.525568,1e-06,2.6e-05,0.002,0
2105,1-5251974,1,5342018,T,C,0.029412,1e-06,4.7e-05,0.002,0
2109,1-5270294,1,5362816,T,C,0.010135,1e-06,8.4e-05,0.002,0
2294,1-5894748,1,5971422,A,T,0.023622,1e-06,5.6e-05,0.002,0
2308,1-5942573,1,6030481,T,C,0.007576,1e-06,6.7e-05,0.002,0
2365,1-6157069,1,6245870,C,T,0.018817,1e-06,4e-05,0.002,0
2398,1-6225485,1,6308014,T,G,0.010417,1e-06,5e-05,0.002,0
2422,1-6426719,1,6429790,A,G,0.017677,1e-06,6e-05,0.002,0
2822,1-7510063,1,7512782,T,C,0.02069,1e-06,7.5e-05,0.002,0
2998,1-8067727,1,8089016,A,G,0.032258,1e-06,4e-05,0.002,0
3120,1-8417175,1,8460173,A,T,0.015625,1e-06,6.5e-05,0.002,0
3294,1-8891030,1,8932658,A,G,0.037143,1e-06,4.8e-05,0.002,0
3324,1-8995760,1,9037351,A,G,0.012887,1e-06,0.000106,0.002,0
3382,1-9138792,1,9184699,T,G,0.032847,1e-06,5.8e-05,0.002,0
3459,1-9355499,1,9406863,G,T,0.015306,1e-06,5e-05,0.001,0
3587,1-9591158,1,9656521,G,A,0.012097,1e-06,8.7e-05,0.002,0
3607,1-9620232,1,9695621,A,G,0.018519,1e-06,5.3e-05,0.002,0
3649,1-9742488,1,9805916,T,C,0.009615,1e-06,0.000103,0.001,0
3711,1-9939835,1,10018460,G,A,0.073529,1e-06,3.3e-05,0.002,0
3757,1-10056915,1,10134224,T,G,0.012397,1e-06,5.5e-05,0.001,0
3844,1-10219139,1,10347594,C,T,0.006024,1e-06,0.000126,0.002,0
3900,1-10379634,1,10521563,A,G,0.015,1e-06,4.8e-05,0.001,0
3933,1-10453183,1,10595537,T,A,0.006289,1e-06,7e-05,0.002,0
3968,1-10476897,1,10655884,A,G,0.003571,1e-06,0.00012,0.002,0
4094,1-10850614,1,11018748,A,G,0.010363,1e-06,0.000129,0.002,0
4116,1-10938363,1,11106099,C,T,0.012048,1e-06,8.9e-05,0.002,0
4144,1-10976273,1,11144008,A,G,0.020513,1e-06,4.4e-05,0.002,0
4181,1-11044770,1,11212255,A,G,0.019868,1e-06,6e-05,0.002,0
4239,1-11209112,1,11408583,T,G,0.006329,1e-06,6.4e-05,0.002,0
4286,1-11313462,1,11508004,A,G,0.010152,1e-06,5.7e-05,0.002,0
4310,1-11444762,1,11636186,A,G,0.012755,1e-06,6.1e-05,0.002,0
4354,1-11565887,1,11758812,A,T,0.021429,1e-06,4.7e-05,0.002,0
4611,1-12236758,1,12432185,T,G,0.01506,1e-06,6.3e-05,0.002,0
4623,1-12295463,1,12491653,T,G,0.013441,1e-06,6.3e-05,0.002,0
4636,1-12354105,1,12550244,T,C,0.480263,1e-06,3.7e-05,0.002,0
4639,1-12355557,1,12551696,C,G,0.411616,1e-06,2.7e-05,0.002,0
4681,1-12484664,1,12680791,G,A,0.007853,1e-06,7.9e-05,0.002,0
4973,1-13160160,1,13481335,C,T,0.010256,1e-06,0.000124,0.002,0
4979,1-13166810,1,13487986,C,T,0.008721,1e-06,7.5e-05,0.002,0
4997,1-13190567,1,13512515,A,G,0.024862,1e-06,4e-05,0.001,0
5183,1-13801418,1,14028111,C,G,0.013889,1e-06,6.2e-05,0.002,0
5233,1-13914564,1,14132552,T,C,0.024194,1e-06,6.2e-05,0.002,0
5243,1-13943835,1,14161821,T,C,0.015152,1e-06,5e-05,0.002,0
5282,1-14030153,1,14248140,A,G,0.156566,1e-06,2.7e-05,0.002,0
5557,1-14785773,1,14995815,C,T,0.008197,1e-06,9.5e-05,0.002,0
5559,1-14786700,1,14996742,T,A,0.015228,1e-06,6e-05,0.002,0
5582,1-14833598,1,15043599,T,C,0.010695,1e-06,8.2e-05,0.002,0
5586,1-14839020,1,15049020,T,C,0.038071,1e-06,4e-05,0.002,0
5631,1-14954646,1,15189922,T,G,0.028369,1e-06,4.8e-05,0.002,0
5748,1-15280384,1,15512870,G,A,0.009934,1e-06,8.7e-05,0.002,0
5822,1-15506329,1,15698512,T,C,0.02454,1e-06,7.9e-05,0.002,0
5833,1-15447019,1,15719642,T,G,0.023529,1e-06,4e-05,0.001,0
5909,1-15696010,1,15931643,A,G,0.020833,1e-06,3.6e-05,0.002,0
5917,1-15706875,1,15942506,A,G,0.019608,1e-06,7.1e-05,0.002,0
6094,1-16114928,1,16353077,A,G,0.014851,1e-06,5.8e-05,0.002,0
6099,1-16125318,1,16363467,T,A,0.005405,1e-06,0.000202,0.002,0
6102,1-16128295,1,16366444,T,A,0.015823,1e-06,0.000111,0.002,0
6120,1-16165918,1,16403679,T,C,0.008523,1e-06,7.8e-05,0.001,0
6129,1-16179254,1,16417103,T,C,0.008475,1e-06,8.1e-05,0.002,0
6146,1-16196650,1,16434501,T,C,0.01087,1e-06,0.000111,0.002,0
6161,1-16215267,1,16453222,T,A,0.011111,1e-06,6.7e-05,0.002,0
6187,1-16229603,1,16475713,A,G,0.007979,1e-06,6.9e-05,0.002,0
6319,1-16468181,1,16843449,C,G,0.469543,1e-06,2.9e-05,0.002,0
6351,1-16582029,1,16956403,A,C,0.003012,1e-06,7.4e-05,0.001,0
6444,1-16845993,1,17210619,A,G,0.008671,1e-06,7.8e-05,0.002,0
6480,1-16912369,1,17276866,C,T,0.007143,1e-06,8.3e-05,0.002,0
6520,1-17070736,1,17418208,T,C,0.017964,1e-06,8e-05,0.002,0
6561,1-17283657,1,17567919,C,T,0.014881,1e-06,4.1e-05,0.001,0
6565,1-17316815,1,17607729,A,G,0.020979,1e-06,4.9e-05,0.001,0
6572,1-17351215,1,17642416,A,G,0.007576,1e-06,7.3e-05,0.002,0
6592,1-17424990,1,17739513,T,C,0.009036,1e-06,0.000113,0.002,0
6632,1-17518992,1,17833288,A,G,0.515152,1e-06,3.1e-05,0.002,0
6764,1-17838772,1,18143374,A,T,0.020833,1e-06,8.3e-05,0.001,0
6791,1-17884056,1,18189305,T,G,0.016043,1e-06,7.7e-05,0.002,0
6824,1-18018841,1,18345121,T,C,0.010582,1e-06,9.1e-05,0.001,0
6917,1-18294069,1,18617913,T,C,0.008475,1e-06,8.8e-05,0.002,0
6925,1-18310218,1,18634062,A,G,0.015,1e-06,4.3e-05,0.002,0
6955,1-18368269,1,18692573,G,A,0.012953,1e-06,4.8e-05,0.002,0
6968,1-18384631,1,18710220,T,C,0.035,1e-06,4.6e-05,0.002,0
7017,1-18476744,1,18802986,T,C,0.010695,1e-06,9e-05,0.002,0
7028,1-18480993,1,18807235,A,G,0.018421,1e-06,6.8e-05,0.002,0
7114,1-18649800,1,18976838,T,G,0.028481,1e-06,3.7e-05,0.002,0
7115,1-18652676,1,18979714,C,A,0.019355,1e-06,4.9e-05,0.001,0
7166,1-18736484,1,19080796,T,C,0.023333,1e-06,6.5e-05,0.002,0
7298,1-19169895,1,19503875,T,C,0.014535,1e-06,5.2e-05,0.002,0
7371,1-19334430,1,19707617,T,C,0.008571,1e-06,0.000102,0.002,0
7377,1-19400847,1,19727723,A,T,0.005587,1e-06,7.2e-05,0.001,0
7446,1-19516241,1,19949379,G,A,0.003247,1e-06,9.8e-05,0.002,0
7499,1-19814458,1,20131777,T,C,0.016892,1e-06,6e-05,0.002,0
7582,1-20082417,1,20398882,T,C,0.052288,1e-06,3.1e-05,0.002,0
7758,1-20439926,1,20720428,G,A,0.007576,1e-06,9.4e-05,0.002,0
7772,1-20422596,1,20737756,T,C,0.013021,1e-06,3.7e-05,0.002,0
7917,1-20701225,1,21012194,T,A,0.012821,1e-06,9.9e-05,0.002,0
7983,1-20723988,1,21136796,T,G,0.008108,1e-06,7.9e-05,0.002,0
8106,1-21105669,1,21411690,A,G,0.018135,1e-06,5.3e-05,0.002,0
8177,1-21281553,1,21582465,A,G,0.005208,1e-06,8.2e-05,0.001,0
8178,1-21277545,1,21586469,A,G,0.00995,1e-06,1e-04,0.002,0
8359,1-21757928,1,22055026,G,A,0.005236,1e-06,0.000117,0.002,0
8565,1-22289684,1,22643597,A,G,0.086592,1e-06,3.5e-05,0.002,0
8623,1-22438160,1,22842706,T,G,0.010101,1e-06,7.5e-05,0.002,0
8626,1-22443521,1,22848067,A,G,0.008571,1e-06,4.6e-05,0.002,0
8640,1-22506298,1,22888554,A,T,0.011173,1e-06,0.000213,0.002,0
8677,1-22644931,1,23020984,A,T,0.011173,1e-06,4.8e-05,0.002,0
8678,1-22645248,1,23021301,A,C,0.011765,1e-06,5.1e-05,0.001,0
8685,1-22669861,1,23045913,T,G,0.016216,1e-06,3.7e-05,0.002,0
8699,1-22690467,1,23066516,A,T,0.005128,1e-06,0.00013,0.001,0
8715,1-22713962,1,23089295,T,G,0.01875,1e-06,0.000109,0.002,0
8728,1-22775427,1,23150704,T,A,0.013298,1e-06,7.2e-05,0.002,0
8756,1-22828716,1,23206171,T,C,0.028061,1e-06,5.2e-05,0.002,0
8803,1-22914924,1,23297463,A,G,0.00565,1e-06,7.8e-05,0.002,0
8922,1-23247942,1,23633652,A,C,0.0075,1e-06,0.000136,0.001,0
8960,1-23324071,1,23709776,A,G,0.015544,1e-06,5.1e-05,0.002,0
8993,1-23370881,1,23760519,A,T,0.00625,1e-06,0.000114,0.002,0
9011,1-23388208,1,23777846,A,G,0.014045,1e-06,5.1e-05,0.002,0
9040,1-23477774,1,23870026,T,C,0.005348,1e-06,0.000109,0.002,0
9083,1-23665483,1,24062268,A,G,0.021605,1e-06,8.5e-05,0.002,0
9107,1-23708416,1,24132090,A,G,0.009434,1e-06,8.4e-05,0.002,0
9140,1-23894010,1,24241439,A,G,0.017986,1e-06,3.9e-05,0.002,0
9214,1-24071006,1,24437864,T,C,0.027778,1e-06,4.4e-05,0.002,0
9315,1-24339402,1,24719085,A,G,0.039157,1e-06,3.5e-05,0.002,0
9323,1-24384996,1,24753595,C,T,0.021505,1e-06,4.5e-05,0.001,0
9507,1-24950745,1,25325708,G,A,0.026667,1e-06,4.2e-05,0.002,0
9534,1-25055172,1,25433673,A,C,0.008242,1e-06,5.8e-05,0.002,0
9618,1-25294013,1,25643597,C,T,0.011236,1e-06,6.5e-05,0.002,0
9802,1-25910187,1,26102958,T,C,0.006289,1e-06,0.000104,0.002,0
9808,1-25809814,1,26121912,T,G,0.008287,1e-06,8.4e-05,0.002,0
9810,1-25814177,1,26126275,C,A,0.020725,1e-06,6.3e-05,0.002,0
9894,1-26002818,1,26299514,A,T,0.029412,1e-06,3.9e-05,0.002,0
9915,1-26149697,1,26344823,A,C,0.015385,1e-06,6.4e-05,0.002,0
9967,1-26256456,1,26453813,A,C,0.014045,1e-06,6.1e-05,0.002,0
10096,1-26557799,1,26752136,A,G,0.012821,1e-06,8.9e-05,0.002,0
10122,1-26608976,1,26803477,A,G,0.011173,1e-06,0.000151,0.002,0
10150,1-26698742,1,26901305,A,C,0.018717,1e-06,6.1e-05,0.002,0
10206,1-26816313,1,27039931,T,C,0.005814,1e-06,7.9e-05,0.001,0
10282,1-26960994,1,27202659,T,G,0.01087,1e-06,7.6e-05,0.002,0
10320,1-27127703,1,27312748,T,C,0.005682,1e-06,0.000133,0.002,0
10345,1-27250752,1,27371269,A,G,0.017986,1e-06,4.4e-05,0.002,0
10417,1-27487765,1,27681007,A,G,0.014535,1e-06,5.6e-05,0.002,0
10426,1-27500619,1,27694477,A,T,0.013966,1e-06,7.4e-05,0.002,0
10444,1-27581244,1,27771784,C,A,0.01087,1e-06,9.1e-05,0.002,0
10623,1-28057303,1,28213307,T,C,0.018519,1e-06,7.7e-05,0.002,0
10681,1-28184116,1,28375230,T,C,0.012953,1e-06,6.7e-05,0.002,0
10691,1-28223982,1,28415094,A,G,0.019531,1e-06,4.7e-05,0.002,0
10724,1-28303566,1,28495019,A,G,0.02,1e-06,5.2e-05,0.001,0
10796,1-28518829,1,28710882,A,G,0.019337,1e-06,6.1e-05,0.002,0
10798,1-28523832,1,28715885,A,C,0.008287,1e-06,0.000134,0.002,0
10810,1-28540866,1,28733037,T,C,0.015228,1e-06,6.8e-05,0.002,0
10879,1-28724696,1,28917827,C,T,0.017766,1e-06,4.6e-05,0.001,0
10892,1-28736257,1,28929386,T,C,0.008021,1e-06,4.3e-05,0.001,0
10999,1-29046511,1,29249282,T,G,0.007194,1e-06,7.6e-05,0.002,0
11062,1-29266979,1,29520577,A,G,0.017241,1e-06,4.8e-05,0.002,0
11113,1-29443203,1,29703698,G,T,0.01773,1e-06,4.4e-05,0.002,0
11128,1-29609614,1,29766427,A,G,0.023026,1e-06,5.5e-05,0.002,0
11360,1-30360807,1,30630008,T,A,0.014388,1e-06,6.6e-05,0.002,0
11383,1-30474819,1,30711519,A,G,0.033708,1e-06,3.4e-05,0.002,0
11456,1-30710923,1,31001058,A,G,0.008876,1e-06,7.3e-05,0.002,0
11483,1-30795091,1,31091588,A,C,0.013089,1e-06,9.7e-05,0.002,0
11489,1-30809588,1,31106085,C,T,0.022613,1e-06,5.9e-05,0.002,0
11561,1-31103041,1,31394517,A,G,0.015625,1e-06,4e-05,0.002,0
11621,1-31233685,1,31535764,C,G,0.028777,1e-06,4.6e-05,0.002,0
11787,1-31732805,1,32032513,T,G,0.01269,1e-06,4.2e-05,0.002,0
11817,1-31878925,1,32134233,T,A,0.022222,1e-06,6.1e-05,0.002,0
11842,1-31943944,1,32211834,T,C,0.017483,1e-06,5.1e-05,0.002,0
12059,1-32448791,1,32732867,T,C,0.015464,1e-06,0.000102,0.001,0
12090,1-32512460,1,32782137,A,G,0.016216,1e-06,9.3e-05,0.002,0
12141,1-32677195,1,32953347,C,A,0.013605,1e-06,6.3e-05,0.002,0
12162,1-32737277,1,33011687,C,T,0.010152,1e-06,6.6e-05,0.002,0
12186,1-32835886,1,33110184,A,G,0.003704,1e-06,0.000127,0.001,0
12211,1-32907035,1,33171850,A,C,0.016129,1e-06,6e-05,0.002,0
12293,1-33092939,1,33415985,T,C,0.003759,1e-06,9.7e-05,0.002,0
12296,1-33104534,1,33429343,G,A,0.041322,1e-06,3.6e-05,0.002,0
12394,1-33454522,1,33779306,T,C,0.003268,1e-06,7.7e-05,0.001,0
12492,1-33771843,1,34079406,A,G,0.010309,1e-06,0.000112,0.002,0
12599,1-33973782,1,34344561,T,A,0.015873,1e-06,7.3e-05,0.001,0
12665,1-34242944,1,34575195,T,G,0.006711,1e-06,6e-05,0.002,0
12707,1-34404778,1,34704461,T,C,0.056701,1e-06,3.5e-05,0.002,0
12767,1-34639658,1,34938942,A,C,0.014388,1e-06,4.4e-05,0.002,0
12779,1-34682796,1,34984340,T,G,0.010417,1e-06,5.1e-05,0.002,0
12808,1-34769155,1,35070334,T,C,0.015152,1e-06,6.9e-05,0.002,0
12830,1-34934777,1,35237141,C,T,0.018717,1e-06,6e-05,0.002,0
12862,1-34996263,1,35297409,G,A,0.022222,1e-06,4.9e-05,0.001,0
12916,1-36299382,1,35449992,A,G,0.017964,1e-06,4.5e-05,0.002,0
12988,1-36086141,1,35611031,C,G,0.012658,1e-06,6.1e-05,0.002,0
13023,1-35979166,1,35730654,A,G,0.026667,1e-06,6.9e-05,0.002,0
13077,1-35802087,1,35907806,T,C,0.013514,1e-06,6.2e-05,0.002,0
13115,1-35727635,1,35981366,A,G,0.008427,1e-06,5.6e-05,0.002,0
13281,1-35071670,1,36660231,T,C,0.012739,1e-06,6.1e-05,0.002,0
13379,1-36640652,1,36965381,A,G,0.010309,1e-06,8.8e-05,0.002,0
13474,1-36917747,1,37280804,T,G,0.024845,1e-06,5e-05,0.002,0
13523,1-37017317,1,37381587,A,G,0.011173,1e-06,7.4e-05,0.002,0
13585,1-37154951,1,37528889,A,G,0.01506,1e-06,5.1e-05,0.002,0
13649,1-37315202,1,37674005,T,C,0.020115,1e-06,4.1e-05,0.002,0
13654,1-37327198,1,37686001,C,A,0.011111,1e-06,5.8e-05,0.001,0
13733,1-37486429,1,37856856,A,G,0.012821,1e-06,8.5e-05,0.002,0
13777,1-37541701,1,37912410,A,G,0.009804,1e-06,0.000109,0.001,0
13810,1-37592581,1,37964178,T,C,0.006211,1e-06,7.5e-05,0.002,0
13823,1-37631991,1,38016038,A,G,0.007407,1e-06,6.5e-05,0.002,0
13842,1-37725109,1,38077478,A,G,0.025862,1e-06,4.7e-05,0.002,0
13935,1-37962783,1,38354089,T,C,0.010638,1e-06,5e-05,0.002,0
13995,1-38079802,1,38471099,T,C,0.016575,1e-06,5.8e-05,0.002,0
14111,1-38362455,1,38779069,T,C,0.007407,1e-06,0.000217,0.002,0
14153,1-38522164,1,38890398,T,C,0.007752,1e-06,8.5e-05,0.002,0
14159,1-38544186,1,38906399,T,C,0.011111,1e-06,6.1e-05,0.002,0
14212,1-38679176,1,39034920,A,T,0.011561,1e-06,4.1e-05,0.002,0
14296,1-38889020,1,39249740,A,T,0.012195,1e-06,8.1e-05,0.002,0
14430,1-39284997,1,39623200,G,C,0.009259,1e-06,7.8e-05,0.001,0
14435,1-39311549,1,39649334,A,G,0.039548,1e-06,4.6e-05,0.002,0
14488,1-39456495,1,39798676,A,G,0.002646,1e-06,0.000114,0.002,0
14620,1-39893900,1,40238517,A,G,0.010753,1e-06,8.7e-05,0.001,0
14667,1-39999258,1,40359775,T,C,0.015306,1e-06,6e-05,0.002,0
14782,1-40415099,1,40776330,T,C,0.025,1e-06,4.4e-05,0.002,0
14835,1-40567393,1,40937113,T,C,0.012903,1e-06,6e-05,0.002,0
14871,1-40660604,1,41028335,A,G,0.018868,1e-06,8.2e-05,0.002,0
14882,1-40736821,1,41092798,A,G,0.016129,1e-06,6.3e-05,0.002,0
14904,1-40825010,1,41175638,A,G,0.010417,1e-06,8.6e-05,0.002,0
14939,1-40877751,1,41229072,A,G,0.015152,1e-06,5.9e-05,0.002,0
14997,1-41014477,1,41366388,C,T,0.021739,1e-06,3.7e-05,0.002,0
15128,1-41430317,1,41790622,C,T,0.085106,1e-06,3.1e-05,0.002,0
15133,1-41446329,1,41806631,A,G,0.016129,1e-06,5.7e-05,0.002,0
15183,1-41557204,1,41914437,A,G,0.016667,1e-06,7.6e-05,0.002,0
15201,1-41578900,1,41936104,A,G,0.013333,1e-06,7e-05,0.002,0
15219,1-41588121,1,41945325,T,C,0.02649,1e-06,4.7e-05,0.001,0
15299,1-41878556,1,42106818,T,C,0.015504,1e-06,5.2e-05,0.002,0
15342,1-41944629,1,42215103,A,G,0.028777,1e-06,5.3e-05,0.002,0
15368,1-42020864,1,42287230,T,C,0.011628,1e-06,9.2e-05,0.001,0
15396,1-42097588,1,42363633,C,T,0.003086,1e-06,0.000147,0.002,0
15433,1-42219420,1,42490172,A,C,0.010256,1e-06,6.4e-05,0.002,0
15554,1-42405426,1,42670403,A,G,0.005181,1e-06,6.6e-05,0.001,0
15626,1-42590707,1,42857897,G,T,0.019231,1e-06,5.8e-05,0.002,0
15695,1-42843234,1,43073503,T,C,0.020833,1e-06,7.2e-05,0.001,0
15696,1-42849426,1,43079691,A,T,0.010152,1e-06,4.5e-05,0.001,0
15714,1-42873616,1,43107141,C,G,0.006579,1e-06,8.9e-05,0.002,0
15786,1-43094435,1,43317205,T,C,0.016667,1e-06,9.4e-05,0.001,0
15867,1-43295400,1,43499642,T,C,0.031008,1e-06,4.5e-05,0.002,0
15871,1-43301005,1,43505245,A,G,0.017751,1e-06,7e-05,0.002,0
15874,1-43304588,1,43508828,G,A,0.007853,1e-06,9.8e-05,0.002,0
15877,1-43306904,1,43511143,T,G,0.016484,1e-06,4.6e-05,0.002,0
15886,1-43361033,1,43579344,T,C,0.011111,1e-06,9e-05,0.002,0
16066,1-43820858,1,43986059,T,C,0.007143,1e-06,0.000107,0.002,0
16069,1-43749346,1,43993553,T,C,0.015,1e-06,6.2e-05,0.002,0
16146,1-43974316,1,44167424,A,G,0.015789,1e-06,5.1e-05,0.002,0
16243,1-44356203,1,44538566,A,T,0.010989,1e-06,5.9e-05,0.001,0
16263,1-44391348,1,44573712,A,G,0.006173,1e-06,9.3e-05,0.002,0
16265,1-44396342,1,44578706,T,C,0.002841,1e-06,5.8e-05,0.002,0
16303,1-44526707,1,44711826,C,T,0.011834,1e-06,0.000133,0.002,0
16330,1-44626278,1,44812196,A,C,0.013587,1e-06,8.4e-05,0.002,0
16346,1-44645728,1,44832261,T,C,0.016216,1e-06,7.4e-05,0.002,0
16442,1-45043026,1,45211890,C,T,0.013423,1e-06,5.4e-05,0.002,0
16492,1-45220763,1,45368464,A,G,0.014368,1e-06,8.2e-05,0.002,0
16637,1-45478118,1,45686096,A,G,0.011765,1e-06,6.6e-05,0.002,0
16666,1-45547193,1,45758644,G,A,0.013369,1e-06,5.2e-05,0.002,0
16690,1-45642203,1,45869403,T,A,0.008152,1e-06,0.000137,0.002,0
16712,1-45679800,1,45906994,T,C,0.014368,1e-06,9.1e-05,0.002,0
16718,1-45692504,1,45925823,A,G,0.005814,1e-06,0.00011,0.002,0
16786,1-45920490,1,46167447,T,C,0.015707,1e-06,5.8e-05,0.002,0
16896,1-46205816,1,46466942,A,C,0.008065,1e-06,7.2e-05,0.002,0
16909,1-46321912,1,46519053,C,T,0.019481,1e-06,6e-05,0.002,0
16917,1-46309018,1,46575317,A,G,0.021277,1e-06,7.7e-05,0.002,0
17017,1-46571966,1,46844011,A,G,0.009375,1e-06,5.3e-05,0.002,0
17034,1-46630552,1,46902352,A,T,0.01676,1e-06,8.9e-05,0.002,0
17044,1-46681416,1,46953207,T,G,0.016779,1e-06,8.7e-05,0.002,0
17052,1-46696526,1,46968313,G,A,0.034091,1e-06,4.2e-05,0.002,0
17253,1-47359781,1,47623237,A,G,0.02994,1e-06,4.3e-05,0.002,0
17256,1-47369886,1,47634320,T,C,0.021622,1e-06,4.5e-05,0.002,0
17353,1-47687489,1,47966264,A,G,0.01462,1e-06,5.6e-05,0.001,0
17454,1-48004329,1,48343762,A,G,0.018293,1e-06,9.3e-05,0.002,0
17494,1-48092394,1,48420571,T,A,0.008475,1e-06,7.9e-05,0.001,0
17522,1-48178742,1,48600338,T,C,0.025547,1e-06,4.4e-05,0.002,0
17523,1-48180718,1,48602314,C,T,0.03125,1e-06,4.2e-05,0.002,0
17591,1-48414576,1,48852573,A,G,0.016854,1e-06,5.3e-05,0.002,0
17619,1-48467656,1,48905436,A,T,0.018072,1e-06,5e-05,0.002,0
17648,1-48660188,1,49066656,C,A,0.007576,1e-06,0.000107,0.002,0
17745,1-48995967,1,49402001,A,G,0.010582,1e-06,8.4e-05,0.002,0
17748,1-49006771,1,49412805,A,G,0.028249,1e-06,5e-05,0.002,0
17749,1-49007142,1,49413176,C,T,0.027108,1e-06,4.2e-05,0.002,0
17853,1-49241507,1,49687720,A,G,0.006135,1e-06,6.4e-05,0.002,0
17864,1-49342640,1,49756772,A,G,0.013369,1e-06,4.4e-05,0.002,0
17880,1-49394727,1,49807986,C,T,0.011696,1e-06,8.3e-05,0.002,0
17906,1-49456814,1,49867171,T,C,0.012626,1e-06,4.9e-05,0.002,0
18083,1-50025033,1,50445420,A,G,0.005236,1e-06,7.8e-05,0.002,0
18098,1-50063642,1,50484067,A,C,0.020833,1e-06,5.5e-05,0.002,0
18321,1-50622675,1,51073337,A,C,0.009259,1e-06,5.5e-05,0.001,0
18344,1-50726223,1,51176784,T,C,0.008333,1e-06,6.4e-05,0.002,0
18427,1-50959867,1,51409536,A,G,0.032086,1e-06,3.4e-05,0.002,0
18517,1-51265000,1,51702571,T,C,0.007772,1e-06,9.2e-05,0.001,0
18595,1-51567320,1,52012969,C,A,0.005814,1e-06,6.3e-05,0.002,0
18668,1-51829398,1,52243388,A,G,0.024242,1e-06,4.7e-05,0.001,0
18827,1-52301017,1,52731837,T,C,0.010152,1e-06,8e-05,0.002,0
18847,1-52260900,1,52759380,C,T,0.008242,1e-06,8.9e-05,0.002,0
18943,1-52892747,1,53060336,T,C,0.025362,1e-06,6.8e-05,0.001,0
18948,1-52856587,1,53086392,T,C,0.012887,1e-06,8.2e-05,0.002,0
18956,1-52835160,1,53106467,C,T,0.015385,1e-06,0.000114,0.002,0
18958,1-52825850,1,53115768,T,C,0.023026,1e-06,7.2e-05,0.002,0
18973,1-52757943,1,53192272,G,T,0.013889,1e-06,5.9e-05,0.002,0
19025,1-52544926,1,53387729,T,C,0.015152,1e-06,4.4e-05,0.002,0
19126,1-53096278,1,53663735,T,G,0.013966,1e-06,0.000171,0.002,0
19141,1-53078491,1,53681522,A,C,0.015625,1e-06,5.4e-05,0.002,0
19158,1-53160742,1,53761285,A,T,0.010309,1e-06,6.2e-05,0.002,0
19190,1-53317488,1,53932630,T,C,0.018325,1e-06,6.1e-05,0.002,0
19202,1-53380268,1,53995338,A,G,0.025714,1e-06,4.4e-05,0.002,0
19245,1-53471729,1,54095683,A,G,0.020833,1e-06,6.2e-05,0.002,0
19250,1-53472172,1,54096126,T,C,0.018634,1e-06,6.3e-05,0.002,0
19307,1-53606280,1,54239044,G,A,0.029221,1e-06,7.1e-05,0.002,0
19425,1-53833329,1,54465352,G,T,0.013812,1e-06,6.3e-05,0.001,0
19594,1-54247077,1,54885861,T,C,0.022613,1e-06,5.7e-05,0.002,0
19598,1-54279674,1,54927171,A,C,0.012821,1e-06,7.1e-05,0.002,0
19611,1-54386540,1,54992474,T,C,0.023438,1e-06,7.6e-05,0.002,0
19622,1-54396089,1,55002023,C,T,0.018519,1e-06,5.5e-05,0.001,0
19828,1-54842985,1,55475391,T,C,0.025806,1e-06,4.4e-05,0.002,0
19921,1-55092303,1,55719865,A,G,0.012376,1e-06,6.6e-05,0.002,0
19935,1-55122449,1,55755166,A,G,0.029412,1e-06,4.3e-05,0.002,0
19956,1-55185200,1,55811214,T,C,0.01227,1e-06,7.9e-05,0.002,0
20011,1-55339105,1,55981163,T,G,0.020588,1e-06,5e-05,0.002,0
20193,1-55800245,1,56442440,G,A,0.005525,1e-06,6.8e-05,0.002,0
20223,1-55839498,1,56482908,A,G,0.021212,1e-06,4.7e-05,0.002,0
20231,1-55815450,1,56506954,T,C,0.040541,1e-06,6e-05,0.002,0
20241,1-55928404,1,56573009,T,C,0.015152,1e-06,5.1e-05,0.002,0
20254,1-55950494,1,56598527,C,A,0.002703,1e-06,9.6e-05,0.002,0
20284,1-56006161,1,56665543,T,C,0.021084,1e-06,6.9e-05,0.002,0
20341,1-56134013,1,56818818,T,G,0.016667,1e-06,5.6e-05,0.002,0
20431,1-56312991,1,57003488,A,C,0.01005,1e-06,8.9e-05,0.002,0
20548,1-56513198,1,57203180,G,A,0.011976,1e-06,7.8e-05,0.002,0
20585,1-56576752,1,57267369,A,C,0.007732,1e-06,7.4e-05,0.002,0
20639,1-56774708,1,57472905,T,C,0.433908,1e-06,2.8e-05,0.002,0
20683,1-56914544,1,57614569,A,C,0.008242,1e-06,9.9e-05,0.002,0
20745,1-57073636,1,57792204,T,C,0.00565,1e-06,0.000122,0.002,0
20771,1-57121725,1,57845402,T,C,0.014124,1e-06,4.6e-05,0.002,0
20807,1-57178929,1,57901891,T,C,0.012739,1e-06,5.7e-05,0.001,0
20849,1-57299968,1,58056671,T,G,0.013812,1e-06,3.7e-05,0.002,0
20873,1-57403221,1,58120961,G,T,0.01497,1e-06,5.1e-05,0.001,0
20881,1-57425376,1,58141477,A,G,0.011561,1e-06,4.6e-05,0.002,0
20882,1-57425951,1,58142052,A,G,0.03869,1e-06,4.6e-05,0.002,0
20908,1-57509574,1,58226176,C,T,0.018293,1e-06,5.3e-05,0.002,0
20935,1-57660869,1,58357662,T,C,0.00266,1e-06,1e-04,0.002,0
21101,1-58229344,1,58909504,T,G,0.010989,1e-06,5.6e-05,0.001,0
21137,1-58390326,1,59039429,A,G,0.010989,1e-06,8.3e-05,0.002,0
21188,1-58510468,1,59168571,A,T,0.008152,1e-06,1e-04,0.002,0
21249,1-58672205,1,59367076,G,C,0.023438,1e-06,4.1e-05,0.002,0
21280,1-58742760,1,59444263,A,T,0.01269,1e-06,5.3e-05,0.002,0
21319,1-58832387,1,59528057,T,C,0.029891,1e-06,4.8e-05,0.002,0
21382,1-58977656,1,59674265,T,C,0.010417,1e-06,6.5e-05,0.002,0
21389,1-58987101,1,59683709,G,A,0.022959,1e-06,4.7e-05,0.002,0
21556,1-59515040,1,60233350,A,G,0.009494,1e-06,4.7e-05,0.002,0
21560,1-59621223,1,60269187,T,C,0.026012,1e-06,5e-05,0.002,0
21569,1-59551848,1,60295831,A,G,0.018717,1e-06,6e-05,0.002,0
21619,1-59777225,1,60541030,T,C,0.017007,1e-06,7.3e-05,0.001,0
21635,1-59810250,1,60574055,G,A,0.015748,1e-06,7.3e-05,0.002,0
21721,1-60009869,1,60783420,T,G,0.007772,1e-06,7.5e-05,0.002,0
21811,1-60444368,1,61143854,T,C,0.054422,1e-06,3.1e-05,0.002,0
21859,1-60591399,1,61366942,A,T,0.018939,1e-06,3.6e-05,0.002,0
21885,1-60661006,1,61452550,T,A,0.02973,1e-06,4.4e-05,0.002,0
21905,1-60683007,1,61474650,A,G,0.019663,1e-06,5.3e-05,0.002,0
21971,1-60831432,1,61662286,A,C,0.010929,1e-06,4.7e-05,0.002,0
22016,1-61053045,1,61815307,A,T,0.027344,1e-06,4e-05,0.002,0
22105,1-61389280,1,62166148,T,C,0.020115,1e-06,5e-05,0.002,0
22118,1-61451596,1,62214756,A,C,0.010811,1e-06,5e-05,0.002,0
22256,1-61836107,1,62631175,A,C,0.002732,1e-06,0.000132,0.002,0
22333,1-62025831,1,62821817,T,G,0.014045,1e-06,0.000115,0.001,0
22663,1-63079682,1,63902474,A,G,0.033133,1e-06,4.8e-05,0.002,0
22679,1-63092553,1,63915345,T,G,0.01462,1e-06,6.8e-05,0.002,0
22710,1-63189906,1,64018164,T,C,0.026119,1e-06,4.4e-05,0.002,0
22813,1-63506043,1,64358646,A,G,0.025126,1e-06,4e-05,0.002,0
22881,1-63700711,1,64570157,A,G,0.057214,1e-06,4.1e-05,0.002,0
23052,1-64256562,1,65090411,T,C,0.014045,1e-06,8.3e-05,0.001,0
23070,1-64323222,1,65173491,T,C,0.014085,1e-06,4.9e-05,0.002,0
23183,1-64656941,1,65549654,T,G,0.007299,1e-06,5.7e-05,0.001,0
23209,1-64703729,1,65596394,A,C,0.007246,1e-06,6.1e-05,0.001,0
23249,1-64783602,1,65677201,A,C,0.005682,1e-06,0.000101,0.002,0
23273,1-64818132,1,65711730,T,G,0.017143,1e-06,4.8e-05,0.002,0
23303,1-64875172,1,65765766,A,G,0.019231,1e-06,5.9e-05,0.002,0
23385,1-65138490,1,66038053,G,A,0.0125,1e-06,7e-05,0.002,0
23435,1-65319735,1,66214510,T,G,0.039634,1e-06,3.9e-05,0.002,0
23445,1-65333127,1,66228832,C,A,0.013333,1e-06,5.1e-05,0.002,0
23454,1-65364151,1,66259852,A,G,0.008721,1e-06,0.000122,0.002,0
23735,1-66604869,1,67020597,A,G,0.03022,1e-06,4.3e-05,0.002,0
23947,1-65974307,1,67646621,A,C,0.033613,1e-06,4.2e-05,0.002,0
24016,1-65839498,1,67815206,G,A,0.008152,1e-06,0.000111,0.002,0
24065,1-67578663,1,68067282,T,C,0.007092,1e-06,9.5e-05,0.001,0
24068,1-67578802,1,68067421,A,G,0.015152,1e-06,4.9e-05,0.002,0
24170,1-67398990,1,68265747,C,T,0.011905,1e-06,5.4e-05,0.002,0
24240,1-67280244,1,68370820,T,C,0.003906,1e-06,7.5e-05,0.002,0
24248,1-67261972,1,68389093,A,G,0.026882,1e-06,4.3e-05,0.002,0
24252,1-67257472,1,68393593,C,A,0.011111,1e-06,5.8e-05,0.002,0
24258,1-67248401,1,68401845,T,C,0.021127,1e-06,4.4e-05,0.002,0
24382,1-66934954,1,68713268,T,G,0.026178,1e-06,4.3e-05,0.002,0
24400,1-66921705,1,68726515,A,C,0.005464,1e-06,0.000135,0.001,0
24526,1-68039619,1,69199606,T,C,0.007194,1e-06,0.000107,0.002,0
24632,1-68437092,1,69618000,T,G,0.015544,1e-06,5.4e-05,0.002,0
24646,1-68484219,1,69665127,A,G,0.019481,1e-06,5e-05,0.002,0
24700,1-68651958,1,69828282,G,A,0.012821,1e-06,8.1e-05,0.002,0
24710,1-68662098,1,69838421,A,C,0.020305,1e-06,5.7e-05,0.002,0
24795,1-68841946,1,70021394,T,C,0.013089,1e-06,5.5e-05,0.002,0
24835,1-68939337,1,70121167,A,G,0.008982,1e-06,6.7e-05,0.002,0
24852,1-69003005,1,70202661,T,C,0.028689,1e-06,8.3e-05,0.001,0
24909,1-69116996,1,70319171,A,G,0.013228,1e-06,0.000126,0.002,0
24960,1-69216559,1,70420280,T,G,0.010417,1e-06,0.000116,0.002,0
24982,1-69242051,1,70461931,A,G,0.022472,1e-06,4.5e-05,0.002,0
25002,1-69303553,1,70509508,A,C,0.01462,1e-06,7.4e-05,0.002,0
25178,1-69651618,1,70920947,A,C,0.022222,1e-06,5.6e-05,0.002,0
25204,1-69743984,1,71009694,T,C,0.023622,1e-06,5e-05,0.001,0
25314,1-70081605,1,71341190,A,G,0.013661,1e-06,7.1e-05,0.002,0
25475,1-70416903,1,71647381,T,C,0.010471,1e-06,5.2e-05,0.002,0
25521,1-70561078,1,71807446,A,G,0.048701,1e-06,4.9e-05,0.002,0
25637,1-70793264,1,72046078,T,A,0.007143,1e-06,0.000162,0.001,0
25840,1-71219830,1,72489278,T,C,0.013736,1e-06,6.7e-05,0.002,0
25852,1-71270819,1,72536569,A,G,0.017241,1e-06,5.2e-05,0.002,0
25884,1-71343792,1,72601897,T,C,0.006579,1e-06,6.4e-05,0.002,0
25887,1-71349991,1,72608096,A,G,0.015789,1e-06,0.000106,0.001,0
25905,1-71387896,1,72646321,A,G,0.013228,1e-06,4.1e-05,0.002,0
25927,1-71483653,1,72703484,T,C,0.01105,1e-06,6.6e-05,0.001,0
26028,1-71673130,1,72964306,C,T,0.036082,1e-06,5.2e-05,0.002,0
26140,1-71862673,1,73135530,T,C,0.015038,1e-06,4.3e-05,0.002,0
26159,1-71889457,1,73162431,A,G,0.034483,1e-06,4.6e-05,0.002,0
26202,1-71917837,1,73274674,T,C,0.011561,1e-06,6.4e-05,0.002,0
26207,1-71917778,1,73274733,T,C,0.006098,1e-06,9.5e-05,0.002,0
26274,1-72053299,1,73404196,A,C,0.009434,1e-06,6.2e-05,0.002,0
26364,1-72277383,1,73611202,A,G,0.012438,1e-06,6.7e-05,0.002,0
26416,1-72428122,1,73774406,T,C,0.01227,1e-06,8.2e-05,0.002,0
26438,1-72514737,1,73864456,A,G,0.008427,1e-06,5.3e-05,0.001,0
26735,1-73336291,1,74736488,A,G,0.018135,1e-06,5.1e-05,0.002,0
26990,1-73882330,1,75283275,A,G,0.030726,1e-06,4.4e-05,0.002,0
26999,1-73894239,1,75295184,G,C,0.007426,1e-06,6.5e-05,0.002,0
27045,1-73998185,1,75435042,A,C,0.008427,1e-06,9.1e-05,0.002,0
27143,1-74269965,1,75694465,A,C,0.01,1e-06,4.8e-05,0.001,0
27146,1-74275386,1,75699884,A,C,0.002793,1e-06,0.00011,0.002,0
27204,1-74372288,1,75841374,T,C,0.007692,1e-06,9.1e-05,0.002,0
27216,1-74474788,1,75879167,A,G,0.019231,1e-06,4.2e-05,0.002,0
27243,1-74508144,1,75913972,A,G,0.025907,1e-06,4.7e-05,0.002,0
27283,1-74647916,1,76086686,T,C,0.019108,1e-06,4.2e-05,0.002,0
27317,1-74769024,1,76200593,G,T,0.031915,1e-06,6.2e-05,0.002,0
27322,1-74782013,1,76213582,G,A,0.013736,1e-06,6.7e-05,0.001,0
27427,1-74955913,1,76405028,T,G,0.003356,1e-06,0.000126,0.002,0
27456,1-74992658,1,76441775,A,G,0.01227,1e-06,0.000123,0.001,0
27483,1-75076702,1,76522507,C,T,0.005155,1e-06,0.000107,0.001,0
27512,1-75115543,1,76561390,A,G,0.009615,1e-06,6.1e-05,0.002,0
27525,1-75133958,1,76579806,T,C,0.010471,1e-06,6.7e-05,0.002,0
27544,1-75162391,1,76605725,C,T,0.017647,1e-06,6.7e-05,0.002,0
27794,1-75776210,1,77174978,T,G,0.010929,1e-06,6.8e-05,0.002,0
27796,1-75772634,1,77178554,C,T,0.019126,1e-06,8.4e-05,0.002,0
27803,1-75747333,1,77203853,T,C,0.017143,1e-06,8.6e-05,0.001,0
27820,1-75819688,1,77246217,T,C,0.038462,1e-06,3.4e-05,0.002,0
27947,1-76093489,1,77525435,T,A,0.011628,1e-06,9.4e-05,0.002,0
27979,1-76138592,1,77636548,A,C,0.030303,1e-06,4.8e-05,0.002,0
28018,1-76250904,1,77751169,T,C,0.012422,1e-06,6.3e-05,0.002,0
28108,1-76510884,1,77993466,T,C,0.009259,1e-06,6.2e-05,0.001,0
28397,1-77395668,1,78918656,A,G,0.046875,1e-06,3.9e-05,0.002,0
28535,1-77744251,1,79270818,T,C,0.053797,1e-06,2.9e-05,0.002,0
28585,1-77909462,1,79436515,A,G,0.036765,1e-06,4.3e-05,0.002,0
28652,1-78160559,1,79652320,T,C,0.016484,1e-06,3.3e-05,0.001,0
28680,1-78189017,1,79721528,T,C,0.013699,1e-06,5.8e-05,0.002,0
28754,1-78436996,1,79873922,T,C,0.016949,1e-06,6.7e-05,0.001,0
28867,1-78637235,1,80162335,T,C,0.007653,1e-06,7.2e-05,0.002,0
28885,1-78661819,1,80186918,T,A,0.015544,1e-06,4.1e-05,0.002,0
28972,1-78853726,1,80368119,C,T,0.019231,1e-06,4.1e-05,0.002,0
29002,1-78923460,1,80444525,A,G,0.017361,1e-06,5.9e-05,0.001,0
29094,1-79230294,1,80747470,A,C,0.007812,1e-06,5.6e-05,0.001,0
29119,1-79320794,1,80835255,A,G,0.016949,1e-06,6.5e-05,0.001,0
29216,1-79600527,1,81196376,T,C,0.004975,1e-06,9e-05,0.002,0
29236,1-79605567,1,81201416,A,G,0.021277,1e-06,4.4e-05,0.002,0
29238,1-79605602,1,81201451,T,G,0.016129,1e-06,4.1e-05,0.002,0
29250,1-79613037,1,81208886,G,A,0.029032,1e-06,3.8e-05,0.002,0
29315,1-79746336,1,81343369,A,T,0.013812,1e-06,5.9e-05,0.002,0
29339,1-79861444,1,81468580,A,G,0.015544,1e-06,5.9e-05,0.002,0
29512,1-80339975,1,81923932,T,C,0.006757,1e-06,5.6e-05,0.002,0
29538,1-80382218,1,81966407,C,A,0.010638,1e-06,6.2e-05,0.002,0
29564,1-80441531,1,82029403,A,G,0.010582,1e-06,4.7e-05,0.002,0
29587,1-80521726,1,82112742,A,G,0.003704,1e-06,0.000105,0.002,0
29642,1-80651898,1,82256497,A,G,0.009677,1e-06,6.9e-05,0.001,0
29759,1-80973597,1,82567113,T,C,0.010582,1e-06,7.3e-05,0.002,0
29849,1-81178221,1,82786433,T,C,0.039855,1e-06,3.6e-05,0.002,0
29852,1-81183167,1,82791379,A,G,0.020513,1e-06,5.1e-05,0.001,0
29953,1-81475992,1,83083596,A,G,0.011905,1e-06,5.6e-05,0.001,0
30073,1-81796066,1,83419835,T,C,0.002959,1e-06,0.000124,0.002,0
30077,1-81799343,1,83423112,A,G,0.015957,1e-06,5.7e-05,0.002,0
30088,1-81850517,1,83476027,A,C,0.047297,1e-06,3.2e-05,0.002,0
30121,1-81935821,1,83552457,A,T,0.018325,1e-06,6.7e-05,0.002,0
30137,1-81954278,1,83579607,G,A,0.013043,1e-06,6.6e-05,0.002,0
30176,1-82072671,1,83698716,T,C,0.00565,1e-06,5.7e-05,0.002,0
30245,1-82337916,1,83991994,T,C,0.09589,1e-06,3.4e-05,0.002,0
30328,1-82588643,1,84228765,T,C,0.012755,1e-06,6.9e-05,0.001,0
30391,1-82749884,1,84396610,T,C,0.008721,1e-06,8e-05,0.001,0
30410,1-82824636,1,84471357,A,G,0.007463,1e-06,6e-05,0.001,0
30446,1-82960021,1,84612972,A,G,0.008197,1e-06,0.00012,0.002,0
30664,1-83573069,1,85235845,C,T,0.00565,1e-06,0.000127,0.002,0
30755,1-83803039,1,85478020,A,C,0.025907,1e-06,5.1e-05,0.002,0
30842,1-84014363,1,85646335,G,T,0.031447,1e-06,5.2e-05,0.002,0
30884,1-84067546,1,85770831,T,C,0.00578,1e-06,8.5e-05,0.002,0
30892,1-84070862,1,85773614,T,C,0.008571,1e-06,5.5e-05,0.002,0
30898,1-84079025,1,85781782,T,C,0.01,1e-06,6.4e-05,0.002,0
30925,1-84198169,1,85898458,T,C,0.02551,1e-06,5.8e-05,0.002,0
30995,1-84425326,1,86132069,C,T,0.518229,1e-06,2.7e-05,0.002,0
31124,1-84858768,1,86564284,A,T,0.017964,1e-06,5.6e-05,0.002,0
31151,1-84973099,1,86679277,T,C,0.015432,1e-06,5.5e-05,0.002,0
31338,1-85575362,1,87334857,A,G,0.012987,1e-06,3.4e-05,0.002,0
31357,1-85661393,1,87412615,T,C,0.018135,1e-06,9.3e-05,0.001,0
31394,1-85788474,1,87535807,A,G,0.01145,1e-06,7.1e-05,0.001,0
31405,1-85815724,1,87562009,C,A,0.018229,1e-06,7.7e-05,0.001,0
31408,1-85816762,1,87563047,A,C,0.016447,1e-06,7.5e-05,0.002,0
31552,1-86023413,1,87860402,A,G,0.021277,1e-06,4.7e-05,0.002,0
31609,1-86167606,1,88014611,A,G,0.005618,1e-06,0.00012,0.002,0
31640,1-86299211,1,88141512,A,G,0.013889,1e-06,7.6e-05,0.002,0
31672,1-86380770,1,88212846,A,C,0.217949,1e-06,3.3e-05,0.002,0
31674,1-86389945,1,88222021,A,T,0.021739,1e-06,4.9e-05,0.002,0
31799,1-86657398,1,88502837,A,G,0.013089,1e-06,6.5e-05,0.002,0
31948,1-87016535,1,88856563,C,T,0.039894,1e-06,4.8e-05,0.001,0
31997,1-87063256,1,88945000,T,A,0.013986,1e-06,6.2e-05,0.002,0
32049,1-87285447,1,89086995,T,C,0.008824,1e-06,7.4e-05,0.002,0
32140,1-87404793,1,89316176,A,C,0.013369,1e-06,5.8e-05,0.002,0
32281,1-87832615,1,89721661,A,G,0.008427,1e-06,0.000124,0.002,0
32326,1-87882384,1,89820569,T,C,0.018519,1e-06,4.5e-05,0.002,0
32420,1-88054117,1,89991726,C,T,0.007979,1e-06,8.9e-05,0.002,0
32441,1-88086137,1,90023858,A,G,0.009934,1e-06,7e-05,0.002,0
32951,1-89328583,1,91336266,A,C,0.005682,1e-06,0.000134,0.002,0
33001,1-89451017,1,91424314,T,A,0.012887,1e-06,6.1e-05,0.002,0
33043,1-89516976,1,91490259,A,G,0.016667,1e-06,8.4e-05,0.002,0
33127,1-89718338,1,91691923,A,G,0.013514,1e-06,5.2e-05,0.002,0
33167,1-89824519,1,91789845,A,G,0.012821,1e-06,6.7e-05,0.002,0
33224,1-89939382,1,91925394,C,T,0.014451,1e-06,5.7e-05,0.002,0
33311,1-90036746,1,92101368,C,G,0.009434,1e-06,0.000105,0.002,0
33333,1-90171897,1,92163774,A,C,0.015823,1e-06,7.1e-05,0.002,0
33399,1-90312250,1,92307831,A,G,0.010417,1e-06,4.2e-05,0.002,0
33438,1-90413699,1,92407769,T,C,0.015306,1e-06,5.1e-05,0.002,0
33455,1-90440084,1,92431321,G,A,0.011628,1e-06,6.3e-05,0.002,0
33580,1-90692603,1,92622510,A,T,0.024725,1e-06,5.3e-05,0.002,0
33582,1-90693018,1,92622925,C,A,0.005682,1e-06,0.000115,0.002,0
33624,1-90781599,1,92717118,T,C,0.004098,1e-06,5.1e-05,0.001,0
33687,1-90977534,1,92912086,G,A,0.018041,1e-06,5.5e-05,0.002,0
33690,1-90992300,1,92926852,A,T,0.017123,1e-06,5.1e-05,0.002,0
33847,1-91403599,1,93338611,T,G,0.017857,1e-06,7.2e-05,0.002,0
34111,1-91979925,1,93951233,T,C,0.006211,1e-06,5.8e-05,0.002,0
34198,1-92157405,1,94161048,G,T,0.019337,1e-06,6.9e-05,0.002,0
34249,1-92214795,1,94321588,T,C,0.012563,1e-06,6e-05,0.002,0
34273,1-92299818,1,94404262,A,G,0.008571,1e-06,9e-05,0.002,0
34417,1-92625954,1,94756187,C,T,0.002717,1e-06,9.8e-05,0.002,0
34444,1-92732877,1,94863263,C,T,0.014451,1e-06,9e-05,0.002,0
34588,1-93114599,1,95252690,G,A,0.010582,1e-06,0.000102,0.002,0
34635,1-93302211,1,95446734,A,T,0.013736,1e-06,8.3e-05,0.002,0
34636,1-93303873,1,95448396,T,C,0.022959,1e-06,4e-05,0.002,0
34717,1-93428369,1,95580176,A,G,0.013021,1e-06,7e-05,0.002,0
34761,1-93513838,1,95655635,A,G,0.005025,1e-06,6.2e-05,0.002,0
34762,1-93516627,1,95658424,T,C,0.00495,1e-06,0.000125,0.001,0
34797,1-93604265,1,95751238,T,C,0.003049,1e-06,0.000123,0.002,0
34865,1-93795768,1,95942676,T,C,0.016447,1e-06,4.9e-05,0.002,0
34890,1-93848955,1,96005478,T,C,0.00974,1e-06,7.8e-05,0.002,0
34936,1-93966623,1,96133753,T,G,0.009375,1e-06,9.7e-05,0.002,0
35092,1-94311564,1,96489675,T,C,0.435028,1e-06,3.3e-05,0.002,0
35124,1-94329578,1,96527862,T,C,0.020958,1e-06,6.5e-05,0.002,0
35241,1-94772553,1,96987128,C,T,0.01227,1e-06,7.3e-05,0.002,0
35303,1-94887211,1,97103120,A,G,0.018519,1e-06,5e-05,0.002,0
35384,1-95062893,1,97279691,A,G,0.005917,1e-06,7.8e-05,0.002,0
35448,1-95231175,1,97447205,A,G,0.017964,1e-06,5.6e-05,0.002,0
35552,1-95471288,1,97681286,T,G,0.005618,1e-06,7.2e-05,0.002,0
35581,1-95531104,1,97740095,A,G,0.01049,1e-06,6.3e-05,0.002,0
35594,1-95569446,1,97793442,A,G,0.009146,1e-06,9.1e-05,0.001,0
35849,1-96303319,1,98563980,A,G,0.016667,1e-06,3.9e-05,0.001,0
35853,1-96322760,1,98584129,A,C,0.010309,1e-06,0.000112,0.002,0
35867,1-96361089,1,98622562,A,C,0.027211,1e-06,4.9e-05,0.002,0
35906,1-96485766,1,98711952,A,G,0.016129,1e-06,4.8e-05,0.002,0
35935,1-96511942,1,98778505,T,G,0.014286,1e-06,7.5e-05,0.002,0
36088,1-96898315,1,99167148,T,C,0.007092,1e-06,6.3e-05,0.002,0
36104,1-96944263,1,99214662,A,G,0.188482,1e-06,3.5e-05,0.002,0
36110,1-96954113,1,99224511,A,G,0.005102,1e-06,7.1e-05,0.002,0
36118,1-96965242,1,99235640,T,C,0.023952,1e-06,3.7e-05,0.002,0
36123,1-96980921,1,99251319,G,A,0.020619,1e-06,4.5e-05,0.002,0
36288,1-97445895,1,99705131,T,A,0.020942,1e-06,5.1e-05,0.002,0
36329,1-97533572,1,99795408,C,A,0.016892,1e-06,4.9e-05,0.002,0
36334,1-97539697,1,99801535,A,C,0.006061,1e-06,7.2e-05,0.002,0
36376,1-97669160,1,99932243,G,T,0.012048,1e-06,4.1e-05,0.001,0
36415,1-97742051,1,100004020,T,C,0.030534,1e-06,4.1e-05,0.002,0
36587,1-98115178,1,100397175,T,C,0.01269,1e-06,5.2e-05,0.001,0
36618,1-98250046,1,100532870,C,T,0.025424,1e-06,6.2e-05,0.001,0
36646,1-98362306,1,100649417,A,C,0.051515,1e-06,3.3e-05,0.002,0
36694,1-98493360,1,100777632,T,C,0.005181,1e-06,0.000146,0.002,0
36698,1-98499779,1,100784050,G,A,0.020619,1e-06,7.4e-05,0.002,0
36725,1-98550810,1,100835061,C,A,0.024324,1e-06,4.4e-05,0.001,0
36748,1-98612776,1,100931317,A,G,0.010695,1e-06,5.6e-05,0.002,0
36759,1-98648417,1,100967372,T,G,0.010256,1e-06,4.4e-05,0.002,0
36834,1-98926500,1,101242686,A,G,0.007692,1e-06,6.8e-05,0.002,0
36870,1-99053718,1,101379621,A,G,0.013736,1e-06,3.9e-05,0.002,0
36927,1-99237060,1,101564563,T,G,0.017007,1e-06,5.2e-05,0.002,0
37025,1-99707592,1,102061966,G,A,0.018421,1e-06,6.8e-05,0.002,0
37036,1-99726672,1,102081046,C,T,0.005051,1e-06,6.5e-05,0.002,0
37038,1-99727628,1,102082002,G,A,0.01005,1e-06,7.4e-05,0.002,0
37138,1-99966491,1,102327748,A,G,0.01,1e-06,6.5e-05,0.002,0
37231,1-100248354,1,102612699,A,G,0.005319,1e-06,6.3e-05,0.002,0
37314,1-100477470,1,102841650,C,G,0.013228,1e-06,7e-05,0.002,0
37343,1-100560598,1,102925722,A,C,0.008571,1e-06,9.4e-05,0.002,0
37630,1-101485881,1,103779240,A,G,0.011628,1e-06,8.6e-05,0.002,0
37717,1-101760565,1,104092939,A,T,0.027273,1e-06,3.9e-05,0.001,0
37735,1-101813531,1,104145983,A,G,0.013298,1e-06,9.9e-05,0.002,0
37852,1-101897008,1,104486074,T,G,0.012755,1e-06,0.000112,0.002,0
37883,1-102006286,1,104579611,T,C,0.018421,1e-06,4.4e-05,0.002,0
37928,1-102091685,1,104664955,A,C,0.007979,1e-06,9.6e-05,0.002,0
37984,1-102256984,1,104852677,T,G,0.028646,1e-06,3.7e-05,0.002,0
38028,1-102404781,1,104997875,A,G,0.015873,1e-06,0.00011,0.002,0
38093,1-102543243,1,105135695,A,G,0.002604,1e-06,7.6e-05,0.001,0
38135,1-102648356,1,105240806,G,T,0.026316,1e-06,4.2e-05,0.002,0
38140,1-102694740,1,105287191,A,C,0.00565,1e-06,0.000121,0.002,0
38254,1-103062549,1,105654770,T,A,0.008021,1e-06,8.8e-05,0.002,0
38337,1-103309965,1,105853736,A,T,0.02381,1e-06,5.9e-05,0.001,0
38342,1-103317411,1,105860171,A,G,0.01462,1e-06,4.6e-05,0.002,0
38655,1-104070111,1,106580929,G,A,0.011173,1e-06,5.1e-05,0.002,0
38657,1-104060587,1,106590452,A,T,0.017442,1e-06,4.5e-05,0.002,0
38742,1-104246322,1,106802745,T,C,0.002809,1e-06,0.000157,0.002,0
38774,1-104298796,1,106855009,T,G,0.008197,1e-06,5.5e-05,0.001,0
38778,1-104300909,1,106857122,T,C,0.022599,1e-06,5.3e-05,0.002,0
38828,1-104443022,1,107007529,T,C,0.02356,1e-06,4e-05,0.002,0
38930,1-104778873,1,107295823,T,G,0.011561,1e-06,7e-05,0.001,0
38979,1-104873822,1,107390768,A,T,0.005435,1e-06,9.2e-05,0.002,0
39034,1-105022376,1,107539449,T,G,0.005525,1e-06,6.1e-05,0.002,0
39103,1-105294713,1,107819232,T,C,0.009434,1e-06,3.7e-05,0.002,0
39123,1-105350129,1,107880077,A,G,0.007937,1e-06,7.2e-05,0.002,0
39160,1-105501609,1,108026277,T,C,0.013245,1e-06,4.7e-05,0.001,0
39194,1-105620765,1,108124229,T,C,0.020513,1e-06,4.6e-05,0.002,0
39201,1-105638192,1,108152315,T,C,0.012563,1e-06,8e-05,0.001,0
39255,1-105860857,1,108391647,A,G,0.046703,1e-06,3.6e-05,0.002,0
39259,1-105846559,1,108405167,A,G,0.002717,1e-06,0.000158,0.001,0
39301,1-106066552,1,108590745,A,T,0.02459,1e-06,5e-05,0.002,0
39356,1-106298427,1,108825705,T,G,0.017751,1e-06,4.1e-05,0.002,0
39454,1-106535148,1,109077454,T,A,0.009868,1e-06,0.00012,0.002,0
39548,1-106832978,1,109386264,A,C,0.006369,1e-06,8.7e-05,0.002,0
39573,1-106869725,1,109454251,T,C,0.015957,1e-06,0.000103,0.002,0
39648,1-107118313,1,109663149,T,C,0.013333,1e-06,9.5e-05,0.002,0
39702,1-107234794,1,109794302,G,A,0.012821,1e-06,5.8e-05,0.002,0
39766,1-107391548,1,109956980,A,G,0.0125,1e-06,5.7e-05,0.001,0
39870,1-107750362,1,110248545,C,G,0.022989,1e-06,7e-05,0.002,0
39891,1-107804201,1,110302469,A,C,0.010417,1e-06,4.5e-05,0.002,0
39904,1-107837308,1,110326213,G,A,0.025,1e-06,5.5e-05,0.002,0
39989,1-108007122,1,110494475,T,C,0.007772,1e-06,9.4e-05,0.002,0
40018,1-108042799,1,110530628,T,C,0.028796,1e-06,3.4e-05,0.002,0
40064,1-108145444,1,110643269,T,C,0.019663,1e-06,3.8e-05,0.002,0
40099,1-108189637,1,110690895,T,C,0.019553,1e-06,5.1e-05,0.002,0
40128,1-108266191,1,110778827,G,A,0.013736,1e-06,4e-05,0.002,0
40131,1-108267735,1,110780371,A,G,0.010417,1e-06,4.7e-05,0.002,0
40180,1-108337700,1,110860888,A,G,0.027933,1e-06,5.2e-05,0.002,0
40250,1-108562309,1,111013850,A,G,0.417266,1e-06,2.8e-05,0.002,0
40313,1-108697082,1,111149375,T,C,0.038462,1e-06,4.7e-05,0.002,0
40415,1-108945313,1,111417016,T,C,0.011628,1e-06,7.7e-05,0.002,0
40429,1-108973094,1,111450959,A,C,0.090226,1e-06,3.8e-05,0.002,0
40531,1-109294076,1,111769679,A,C,0.011429,1e-06,9.3e-05,0.002,0
40702,1-109702806,1,112192202,A,G,0.007732,1e-06,7e-05,0.001,0
40747,1-109845314,1,112334865,T,G,0.013661,1e-06,4.1e-05,0.001,0
40787,1-109953180,1,112444911,A,T,0.017123,1e-06,4.6e-05,0.002,0
40809,1-110009202,1,112500927,A,G,0.01626,1e-06,7e-05,0.002,0
40941,1-110405138,1,112916978,G,T,0.01105,1e-06,0.000106,0.002,0
40968,1-110583092,1,113058703,C,G,0.014793,1e-06,5.3e-05,0.002,0
41054,1-110951310,1,113430445,A,G,0.017442,1e-06,5.9e-05,0.002,0
41081,1-111028457,1,113525184,A,G,0.021622,1e-06,4.4e-05,0.002,0
41097,1-111132876,1,113611381,T,C,0.017007,1e-06,6e-05,0.001,0
41252,1-111425016,1,113908643,T,C,0.0175,1e-06,4.8e-05,0.002,0
41301,1-111525234,1,114014694,A,G,0.015075,1e-06,4.7e-05,0.002,0
41308,1-111533789,1,114029704,T,C,0.015789,1e-06,4.7e-05,0.002,0
41381,1-111703371,1,114202069,A,G,0.015873,1e-06,5.3e-05,0.002,0
41427,1-111762850,1,114268229,T,A,0.01875,1e-06,5e-05,0.002,0
41466,1-111862157,1,114390965,G,C,0.005025,1e-06,8e-05,0.001,0
41488,1-111893017,1,114428333,A,G,0.018135,1e-06,7.7e-05,0.002,0
41513,1-111934414,1,114469724,T,A,0.010101,1e-06,6.3e-05,0.002,0
41528,1-111987199,1,114509179,C,T,0.010256,1e-06,8.9e-05,0.002,0
41595,1-112155699,1,114679425,A,T,0.010363,1e-06,6.5e-05,0.002,0
41634,1-112247562,1,114783123,T,C,0.027638,1e-06,4.9e-05,0.002,0
41647,1-112273527,1,114809223,T,C,0.005236,1e-06,0.000122,0.002,0
41737,1-112552129,1,115065831,A,G,0.044041,1e-06,3.3e-05,0.002,0
41796,1-113700152,1,115276608,T,C,0.014388,1e-06,7.5e-05,0.002,0
41830,1-113823065,1,115411085,T,G,0.013089,1e-06,6.2e-05,0.002,0
41876,1-114059922,1,115597579,T,C,0.012887,1e-06,8.4e-05,0.002,0
41983,1-114322410,1,115859511,A,T,0.009317,1e-06,8.8e-05,0.002,0
42086,1-114690268,1,116249320,T,C,0.026846,1e-06,6.9e-05,0.002,0
42099,1-114744646,1,116317799,T,C,0.011194,1e-06,8.4e-05,0.002,0
42176,1-115152917,1,116738127,A,G,0.014045,1e-06,8.1e-05,0.002,0
42237,1-115297644,1,116884172,A,G,0.005814,1e-06,6.3e-05,0.002,0
42270,1-115402149,1,116992098,T,A,0.029412,1e-06,6.3e-05,0.002,0
42448,1-116126938,1,117724698,A,T,0.013736,1e-06,8.4e-05,0.002,0
42451,1-116135062,1,117732821,A,C,0.018182,1e-06,5.4e-05,0.002,0
42524,1-116415610,1,118029727,A,G,0.003165,1e-06,8.7e-05,0.002,0
42535,1-116445987,1,118058554,A,G,0.011278,1e-06,5.4e-05,0.002,0
42541,1-116469365,1,118082055,C,T,0.008876,1e-06,6.9e-05,0.002,0
42547,1-116524477,1,118136645,T,C,0.020619,1e-06,6.4e-05,0.002,0
42579,1-116640855,1,118228271,A,G,0.013021,1e-06,0.000107,0.002,0
42582,1-116614336,1,118243589,A,G,0.013089,1e-06,8.8e-05,0.002,0
42613,1-116728480,1,118400279,T,C,0.009615,1e-06,9.1e-05,0.002,0
42615,1-116780308,1,118436903,A,C,0.006757,1e-06,9.7e-05,0.002,0
42648,1-116857267,1,118512016,T,G,0.005747,1e-06,7.9e-05,0.002,0
42686,1-116996205,1,118681802,A,G,0.015306,1e-06,5.9e-05,0.002,0
42703,1-117064617,1,118772686,T,C,0.016026,1e-06,5.1e-05,0.001,0
42739,1-117179612,1,118895306,G,A,0.018325,1e-06,6.1e-05,0.002,0
42747,1-117201378,1,118918116,T,C,0.012953,1e-06,5.7e-05,0.002,0
42812,1-117357594,1,119026425,A,G,0.005128,1e-06,8.1e-05,0.001,0
42821,1-117314334,1,119079641,T,A,0.021053,1e-06,4.1e-05,0.002,0
42826,1-117338989,1,119114216,T,G,0.015957,1e-06,6.8e-05,0.002,0
42827,1-117342336,1,119117563,T,C,0.010989,1e-06,7.2e-05,0.002,0
42888,1-117598332,1,119342629,C,T,0.013812,1e-06,6.8e-05,0.002,0
43021,1-118102098,1,119876594,A,G,0.012438,1e-06,0.000109,0.002,0
43059,1-118209601,1,120008991,A,C,0.010471,1e-06,7.4e-05,0.002,0
43063,1-118208317,1,120010275,A,G,0.012626,1e-06,7.2e-05,0.002,0
43084,1-118274161,1,120047470,T,A,0.010582,1e-06,9.8e-05,0.002,0
43099,1-118345600,1,120106195,A,C,0.02027,1e-06,5.6e-05,0.002,0
43100,1-118301042,1,120122028,A,T,0.007853,1e-06,0.000103,0.002,0
43107,1-118365454,1,120146774,A,G,0.117647,1e-06,2.7e-05,0.002,0
43163,1-118524488,1,120309429,T,G,0.01269,1e-06,4.8e-05,0.002,0
43176,1-118629197,1,120410724,T,G,0.011905,1e-06,9.2e-05,0.002,0
43223,1-118815371,1,120544111,C,T,0.018421,1e-06,6.8e-05,0.001,0
43247,1-118857120,1,120641980,T,C,0.007576,1e-06,8.4e-05,0.002,0
43400,1-119366573,1,121154852,T,C,0.029851,1e-06,6.9e-05,0.002,0
43431,1-119451556,1,121243801,C,A,0.01506,1e-06,4.8e-05,0.002,0
43523,1-119806779,1,121616721,T,A,0.016667,1e-06,5.7e-05,0.002,0
43543,1-119909604,1,121723212,T,G,0.008621,1e-06,0.000161,0.002,0
43616,1-120167926,1,121965422,T,C,0.022857,1e-06,4.2e-05,0.002,0
43635,1-120223381,1,122051829,T,G,0.012422,1e-06,5.1e-05,0.002,0
43663,1-120299934,1,122128513,G,C,0.020833,1e-06,5e-05,0.002,0
43760,1-120593556,1,122432908,C,T,0.028481,1e-06,4.2e-05,0.002,0
43804,1-120734015,1,122576242,T,G,0.011299,1e-06,4.2e-05,0.002,0
43819,1-120752265,1,122594491,T,G,0.013514,1e-06,5.2e-05,0.002,0
43880,1-121047318,1,122892906,T,C,0.013021,1e-06,5.5e-05,0.002,0
43931,1-121261006,1,123114037,T,C,0.029412,1e-06,3.8e-05,0.002,0
43968,1-121514007,1,123356303,G,T,0.013736,1e-06,7.8e-05,0.001,0
43973,1-121520149,1,123362445,G,A,0.007576,1e-06,8.5e-05,0.002,0
44001,1-121554904,1,123427319,G,A,0.02381,1e-06,4.4e-05,0.001,0
44002,1-121557631,1,123430046,T,C,0.018634,1e-06,5.4e-05,0.002,0
44067,1-121704091,1,123604878,T,C,0.042105,1e-06,4.3e-05,0.002,0
44085,1-121772576,1,123673473,T,C,0.005848,1e-06,0.000101,0.002,0
44116,1-121890530,1,123790700,T,C,0.024862,1e-06,5.8e-05,0.002,0
44137,1-121967946,1,123868016,T,C,0.008523,1e-06,7.5e-05,0.002,0
44155,1-121998654,1,123898885,T,A,0.036496,1e-06,4.5e-05,0.002,0
44168,1-122038350,1,123937314,T,G,0.020349,1e-06,6.7e-05,0.002,0
44185,1-122076868,1,123984068,T,C,0.012755,1e-06,5.9e-05,0.002,0
44191,1-122099998,1,124007681,T,A,0.012121,1e-06,5.7e-05,0.002,0
44249,1-122293957,1,124216056,A,T,0.008427,1e-06,5.3e-05,0.002,0
44379,1-122770117,1,124678920,T,C,0.010929,1e-06,5.3e-05,0.002,0
44416,1-122841237,1,124748897,T,G,0.012195,1e-06,9.6e-05,0.002,0
44450,1-122982744,1,124894361,A,G,0.014925,1e-06,5.7e-05,0.002,0
44578,1-123495942,1,125394052,T,C,0.010471,1e-06,5.5e-05,0.002,0
44579,1-123499200,1,125397309,A,G,0.005128,1e-06,0.000116,0.002,0
44602,1-123576278,1,125474907,T,A,0.027778,1e-06,4e-05,0.002,0
44648,1-123737192,1,125592338,A,T,0.012658,1e-06,0.000119,0.001,0
44699,1-123804663,1,125760673,T,C,0.010811,1e-06,7.7e-05,0.002,0
44799,1-124063140,1,126022411,A,C,0.013736,1e-06,0.000144,0.001,0
44801,1-124069613,1,126028882,T,C,0.022959,1e-06,7.2e-05,0.002,0
44846,1-124174338,1,126143245,A,C,0.01087,1e-06,5.7e-05,0.002,0
44899,1-124285221,1,126273188,A,G,0.036842,1e-06,5.9e-05,0.002,0
44907,1-124297453,1,126285415,A,G,0.020619,1e-06,4.6e-05,0.002,0
44937,1-124408613,1,126372426,C,A,0.007576,1e-06,0.000206,0.002,0
44947,1-124431936,1,126395745,A,G,0.013812,1e-06,9.6e-05,0.001,0
44976,1-124528801,1,126492730,T,C,0.013089,1e-06,6.5e-05,0.001,0
45043,1-124683439,1,126637680,A,C,0.010526,1e-06,7.7e-05,0.002,0
45064,1-124733427,1,126699237,A,G,0.012755,1e-06,5.5e-05,0.002,0
45138,1-124879450,1,126855636,A,C,0.003876,1e-06,0.000137,0.002,0
45145,1-124888680,1,126864689,T,C,0.005208,1e-06,7.5e-05,0.002,0
45228,1-124996747,1,127119564,T,C,0.02,1e-06,3.6e-05,0.002,0
45261,1-125064942,1,127205028,A,G,0.013089,1e-06,9.7e-05,0.002,0
45263,1-125065985,1,127206071,A,G,0.007692,1e-06,6.8e-05,0.002,0
45298,1-125137580,1,127278825,A,C,0.0175,1e-06,6.4e-05,0.002,0
45299,1-125138285,1,127279530,T,C,0.012563,1e-06,3.9e-05,0.002,0
45309,1-125149650,1,127290896,T,C,0.01,1e-06,8.3e-05,0.002,0
45320,1-125167323,1,127308565,T,C,0.01005,1e-06,4.3e-05,0.002,0
45336,1-125213196,1,127350947,T,C,0.016393,1e-06,4.7e-05,0.002,0
45370,1-125275721,1,127427852,T,C,0.02381,1e-06,5.2e-05,0.002,0
45382,1-125298989,1,127451551,A,G,0.300518,1e-06,3.4e-05,0.002,0
45384,1-125300960,1,127453522,A,G,0.015464,1e-06,6e-05,0.001,0
45427,1-125418670,1,127572107,A,G,0.01269,1e-06,7.1e-05,0.002,0
45429,1-125421926,1,127574862,A,G,0.015,1e-06,4.1e-05,0.002,0
45546,1-125724163,1,127870821,A,G,0.013228,1e-06,5.7e-05,0.002,0
45591,1-125822685,1,127970596,A,G,0.020619,1e-06,4.8e-05,0.002,0
45610,1-125854482,1,128002429,G,C,0.010204,1e-06,6.6e-05,0.002,0
45615,1-125865764,1,128013711,T,C,0.024457,1e-06,6.3e-05,0.002,0
45623,1-125881546,1,128029493,T,C,0.007937,1e-06,0.000107,0.001,0
45630,1-125886853,1,128034800,T,C,0.012438,1e-06,7.4e-05,0.002,0
45637,1-125908277,1,128057845,A,C,0.013661,1e-06,5.7e-05,0.002,0
45718,1-126090688,1,128240609,A,C,0.005495,1e-06,0.000117,0.001,0
45723,1-126108846,1,128258045,A,G,0.010526,1e-06,6.8e-05,0.002,0
45767,1-126193495,1,128343850,T,C,0.016216,1e-06,7.7e-05,0.002,0
45810,1-126328759,1,128495391,T,C,0.01269,1e-06,5.7e-05,0.002,0
45856,1-126466521,1,128647354,A,C,0.010526,1e-06,6.8e-05,0.002,0
45860,1-126472445,1,128653115,T,C,0.005102,1e-06,0.000133,0.001,0
45939,1-126674865,1,128853567,G,T,0.013587,1e-06,6.8e-05,0.002,0
46023,1-126869613,1,129057881,A,G,0.007653,1e-06,7.5e-05,0.002,0
46111,1-127131623,1,129288446,C,G,0.005747,1e-06,7.4e-05,0.002,0
46204,1-127215772,1,129544414,A,G,0.023438,1e-06,7.1e-05,0.001,0
46218,1-127263942,1,129592132,A,G,0.013089,1e-06,7.2e-05,0.002,0
46245,1-127307708,1,129635949,G,C,0.012579,1e-06,7.7e-05,0.002,0
46249,1-127317629,1,129645872,A,T,0.010256,1e-06,6.5e-05,0.002,0
46279,1-127372818,1,129709771,A,G,0.010101,1e-06,6.1e-05,0.002,0
46280,1-127379374,1,129716327,A,G,0.025381,1e-06,5.7e-05,0.002,0
46284,1-127387390,1,129724343,T,G,0.012626,1e-06,5.7e-05,0.002,0
46312,1-127442290,1,129777468,T,C,0.037037,1e-06,3.8e-05,0.002,0
46334,1-127469745,1,129804921,A,G,0.010204,1e-06,0.000144,0.001,0
46381,1-127630685,1,129944371,C,T,0.028947,1e-06,3.5e-05,0.002,0
46398,1-127668212,1,129977874,T,C,0.021472,1e-06,4.3e-05,0.002,0
46429,1-127761390,1,130076564,T,G,0.011111,1e-06,9.6e-05,0.002,0
46548,1-128074505,1,130386087,T,C,0.010256,1e-06,7.5e-05,0.001,0
46579,1-128132925,1,130446400,A,C,0.011299,1e-06,6.3e-05,0.002,0
46583,1-128216237,1,130467878,A,G,0.01227,1e-06,4.6e-05,0.002,0
46639,1-128369400,1,130621028,A,G,0.005952,1e-06,0.000112,0.001,0
46692,1-128542030,1,130797685,A,G,0.010363,1e-06,8.2e-05,0.002,0
46720,1-128582045,1,130837697,T,G,0.008065,1e-06,4.9e-05,0.002,0
46760,1-128710667,1,130954163,G,A,0.018519,1e-06,4.7e-05,0.002,0
46774,1-128731640,1,130975135,T,G,0.009615,1e-06,0.000114,0.002,0
46857,1-128938683,1,131210244,G,A,0.007692,1e-06,5.4e-05,0.002,0
46861,1-128950845,1,131222403,A,G,0.007692,1e-06,7.2e-05,0.002,0
46862,1-128951638,1,131223196,A,G,0.01,1e-06,6.9e-05,0.001,0
46929,1-129146195,1,131423667,T,C,0.015464,1e-06,5e-05,0.002,0
46986,1-129305051,1,131580477,G,A,0.012755,1e-06,9.4e-05,0.002,0
47023,1-129399118,1,131675423,T,C,0.005291,1e-06,9.1e-05,0.001,0
47033,1-129412689,1,131689162,A,G,0.005263,1e-06,9.4e-05,0.001,0
47089,1-129563220,1,131830776,T,C,0.010152,1e-06,7.2e-05,0.002,0
47109,1-129590679,1,131865487,T,G,0.01005,1e-06,8.1e-05,0.002,0
47162,1-129673214,1,131959982,A,C,0.016129,1e-06,4.5e-05,0.002,0
47282,1-129885939,1,132199738,T,C,0.017857,1e-06,5.6e-05,0.002,0
47296,1-129902997,1,132216546,T,A,0.020725,1e-06,4e-05,0.002,0
47310,1-129918494,1,132232038,T,C,0.002551,1e-06,0.000105,0.002,0
47323,1-129955476,1,132271144,T,C,0.010309,1e-06,0.000113,0.002,0
47330,1-129963855,1,132279663,T,G,0.02,1e-06,8e-05,0.002,0
47352,1-130007239,1,132323043,T,C,0.033133,1e-06,3.5e-05,0.001,0
47361,1-130027963,1,132343844,A,C,0.008152,1e-06,8.1e-05,0.002,0
47386,1-130073851,1,132390780,G,A,0.023316,1e-06,5.8e-05,0.002,0
47433,1-130226131,1,132534316,A,G,0.017413,1e-06,8e-05,0.002,0
47455,1-130263780,1,132572322,A,G,0.025381,1e-06,5.4e-05,0.002,0
47475,1-130316792,1,132636740,T,C,0.010101,1e-06,5.3e-05,0.002,0
47490,1-130353223,1,132669137,A,G,0.012953,1e-06,6.2e-05,0.002,0
47520,1-130483343,1,132719789,T,C,0.035176,1e-06,5.3e-05,0.002,0
47530,1-130501858,1,132738177,T,C,0.012953,1e-06,4.4e-05,0.002,0
47581,1-130473966,1,132862059,T,C,0.004975,1e-06,9.1e-05,0.002,0
47662,1-130723912,1,133077152,A,G,0.013158,1e-06,4e-05,0.001,0
47666,1-130732413,1,133085653,A,C,0.018519,1e-06,6.5e-05,0.002,0
47712,1-130817915,1,133171188,C,T,0.010526,1e-06,0.000124,0.002,0
47730,1-130852705,1,133207797,T,C,0.018817,1e-06,3.5e-05,0.002,0
47830,1-131112771,1,133448631,T,C,0.013021,1e-06,9.2e-05,0.001,0
47834,1-131121166,1,133457021,T,C,0.010256,1e-06,0.000139,0.001,0
47871,1-131177975,1,133546825,A,T,0.007614,1e-06,0.000106,0.002,0
47927,1-131270039,1,133638822,G,A,0.020305,1e-06,7.1e-05,0.002,0
47959,1-131337808,1,133706820,A,G,0.01,1e-06,7.2e-05,0.002,0
48010,1-131476849,1,133849088,A,C,0.007895,1e-06,4.8e-05,0.001,0
48036,1-131542158,1,133915590,T,G,0.021053,1e-06,4.6e-05,0.002,0
48046,1-131575334,1,133950426,A,G,0.010363,1e-06,7.9e-05,0.002,0
48048,1-131576470,1,133951562,A,G,0.005051,1e-06,7.7e-05,0.002,0
48049,1-131576606,1,133951698,C,G,0.007576,1e-06,8.7e-05,0.002,0
48059,1-131596530,1,133971620,T,C,0.017677,1e-06,5.4e-05,0.002,0
48190,1-131837542,1,134216770,A,G,0.006211,1e-06,0.000127,0.002,0
48218,1-131953109,1,134223506,T,A,0.010638,1e-06,0.000102,0.001,0
48224,1-131953998,1,134224395,T,G,0.015707,1e-06,5.2e-05,0.002,0
48231,1-131955802,1,134226199,A,G,0.012755,1e-06,5.1e-05,0.002,0
48261,1-131871263,1,134257881,T,C,0.002604,1e-06,0.000142,0.001,0
48280,1-131893959,1,134280574,T,C,0.017857,1e-06,6.3e-05,0.001,0
48324,1-132077194,1,134420308,A,C,0.007812,1e-06,0.000105,0.002,0
48393,1-132191068,1,134534567,A,G,0.007653,1e-06,8e-05,0.002,0
48467,1-132299107,1,134647931,A,G,0.016216,1e-06,6.2e-05,0.001,0
48529,1-132448735,1,134815837,A,G,0.013021,1e-06,6.3e-05,0.002,0
48532,1-132450866,1,134817968,T,C,0.008108,1e-06,6.5e-05,0.002,0
48539,1-132523343,1,134829550,T,C,0.029851,1e-06,4.3e-05,0.002,0
48564,1-132486403,1,134865970,A,G,0.010101,1e-06,8.1e-05,0.002,0
48607,1-132591889,1,134949415,A,G,0.021084,1e-06,7.5e-05,0.002,0
48646,1-132625172,1,135023758,T,C,0.005556,1e-06,0.000104,0.002,0
48649,1-132632530,1,135031122,A,C,0.016854,1e-06,4.9e-05,0.002,0
48670,1-132682084,1,135064225,C,T,0.008333,1e-06,0.000111,0.002,0
48760,1-132813628,1,135249252,C,A,0.012887,1e-06,6e-05,0.002,0
48810,1-132895506,1,135310415,A,G,0.013021,1e-06,6.9e-05,0.002,0
48885,1-133068856,1,135488462,T,C,0.012821,1e-06,4e-05,0.002,0
48896,1-133111149,1,135504556,A,C,0.007979,1e-06,7.6e-05,0.002,0
48937,1-133155376,1,135581056,A,G,0.014124,1e-06,6.8e-05,0.002,0
48951,1-133195247,1,135620630,A,C,0.016949,1e-06,6.2e-05,0.002,0
49078,1-133465786,1,135865319,T,A,0.007538,1e-06,7e-05,0.001,0
49115,1-133516257,1,135914800,A,G,0.005747,1e-06,0.000129,0.002,0
49134,1-133557844,1,135967392,A,G,0.011236,1e-06,9.2e-05,0.002,0
49180,1-133634934,1,136044421,A,G,0.010152,1e-06,5.4e-05,0.002,0
49200,1-133680221,1,136089705,T,C,0.010152,1e-06,6.3e-05,0.002,0
49304,1-133894662,1,136307083,A,G,0.013089,1e-06,8.2e-05,0.002,0
49308,1-133915205,1,136326670,A,C,0.015152,1e-06,5.7e-05,0.002,0
49317,1-133933463,1,136342261,T,C,0.010101,1e-06,7.7e-05,0.002,0
49345,1-133970461,1,136379232,T,C,0.012626,1e-06,5.5e-05,0.002,0
49382,1-133991575,1,136523448,C,T,0.010417,1e-06,6.2e-05,0.002,0
49465,1-134247547,1,136671123,A,G,0.002632,1e-06,9.5e-05,0.002,0
49547,1-134436179,1,136851281,A,T,0.01269,1e-06,7.8e-05,0.002,0
49627,1-134761420,1,137024724,T,A,0.010811,1e-06,7.1e-05,0.002,0
49640,1-134718435,1,137062807,A,G,0.016575,1e-06,6.2e-05,0.001,0
49715,1-135064803,1,137220094,A,G,0.020408,1e-06,5e-05,0.002,0
49722,1-135076030,1,137231319,A,C,0.020101,1e-06,5.3e-05,0.002,0
49731,1-135102386,1,137255590,C,G,0.007463,1e-06,5.5e-05,0.002,0
49753,1-135134120,1,137287430,T,C,0.007853,1e-06,7.3e-05,0.002,0
49786,1-135210157,1,137363070,A,G,0.026627,1e-06,4.4e-05,0.002,0
49801,1-135231916,1,137384827,A,G,0.012953,1e-06,5.2e-05,0.002,0
49898,1-135404892,1,137570573,A,G,0.015306,1e-06,4.3e-05,0.002,0
49919,1-135431776,1,137597141,G,T,0.005155,1e-06,0.000144,0.002,0
49925,1-135441795,1,137607158,T,C,0.014451,1e-06,7.9e-05,0.002,0
50008,1-135633161,1,137787297,A,G,0.010949,1e-06,5.6e-05,0.002,0
50031,1-135695311,1,137849236,A,C,0.019022,1e-06,8.1e-05,0.002,0
50065,1-135734406,1,137890522,C,T,0.007576,1e-06,7.9e-05,0.002,0
50078,1-135762437,1,137917604,C,T,0.011494,1e-06,8.6e-05,0.002,0
50113,1-135796757,1,137951918,T,C,0.015464,1e-06,0.000105,0.001,0
50126,1-135806449,1,137961610,A,G,0.010417,1e-06,0.000141,0.002,0
